Counterpoint	1967	James Lee	1923	2002
Wu ye li ren	1986	John Au	"\N"	"\N"
Signed, Sealed, Delivered Signed Sealed Delivered	2013	Brandi Harkonen	"\N"	"\N"
Chinese Roulette	1976	Rainer Werner Fassbinder	1945	1982
Cut and Run	1984	Cesare Frugoni	"\N"	"\N"
Life Is Beautiful	1997	Roberto Benigni	1952	"\N"
Ironclad	2011	Jonathan English	"\N"	"\N"
When a Wolf Falls in Love with a Sheep	2012	Kelly Yuan-Ling Yang	"\N"	"\N"
Minutes to Midnight	2018	Christopher M. Don	1987	"\N"
The Game of Their Lives	2005	Geoffrey Douglas	"\N"	"\N"
Sarah Cooper: Everything's Fine	2020	Jordan Black	1970	"\N"
Delirium	2018	Andy Cheng	"\N"	"\N"
China Salesman	2017	Sholom Gelt	"\N"	"\N"
Lilith	2018	Richard J. Aguirre	"\N"	"\N"
Lilith	2018	Paul McFall	"\N"	"\N"
Courage fuyons	1979	Jean-Loup Dabadie	1938	2020
Star Trek IV: The Voyage Home	1986	Gene Roddenberry	1921	1991
The Wave	2008	Ron Birnbach	"\N"	"\N"
Soorma	2018	Adhir Bhat	"\N"	"\N"
The Hows of Us	2018	Crystal S. San Miguel	"\N"	"\N"
Fru00e5n och med herr Gunnar Papphammar	1981	Gösta Ekman	1939	2017
84 Charing Cross Road	1987	Helene Hanff	1916	1997
High Risk	1995	Domonic Muir	1962	2010
Hitman	1998	Domonic Muir	1962	2010
Danny Boy	2021	Robert Jones	"\N"	"\N"
Dywizjon 303	2018	Jacek Samojlowicz	1956	"\N"
Home from the Hill	1960	Irving Ravetch	1920	2010
Up to His Ears	1965	Daniel Boulanger	1922	2014
Ladies Room	1999	Andrée Pelletier	1950	"\N"
Superman: Unbound	2013	Bob Goodman	"\N"	"\N"
Night Nurse	1931	Charles Kenyon	1880	1961
Punishment Island	1966	Taijun Takeda	1912	1976
Sex Thief	1973	Michael Armstrong	1944	"\N"
Dead End Drive-In	1986	Peter Smalley	"\N"	"\N"
Twister's Revenge!	1988	Bill Rebane	1937	"\N"
A Birder's Guide to Everything	2013	Rob Meyer	"\N"	"\N"
Deadly Code	2013	Sandro Petraglia	1947	"\N"
Forsaken	2018	Alexey A. Petrukhin	1973	"\N"
Christmas at Rosemont	2015	Bill Rebane	1937	"\N"
Beyond the Sky	2018	Rob Warren Thomas	"\N"	"\N"
Return to the Wild: The Chris McCandless Story	2014	Karl Dawson	"\N"	"\N"
The Colony	2021	Mariko Minoguchi	1988	"\N"
Cimarron	1960	Arnold Schulman	1925	2023
Take It Out in Trade: The Outtakes	1995	Edward D. Wood Jr.	1924	1978
Riff-Raff	1991	Bill Jesse	1942	1990
The Game	1997	Michael Ferris	1961	"\N"
Girlfriends Reunited	2020	Crystal Harris	"\N"	"\N"
Bruh.mp4	2020	Andrew Burdette	"\N"	"\N"
In the Beginning	2009	Xavier Giannoli	1970	"\N"
Yu-Gi-Oh!: The Dark Side of Dimensions	2016	Satoshi Kuwabara	"\N"	"\N"
Dancing Pirate	1936	Jack Wagner	1891	1963
The Graduate	1967	Buck Henry	1930	2020
The Stunt Woman	1996	Kin Chung Chan	"\N"	"\N"
A Guy Thing	2003	Matt Tarses	"\N"	"\N"
Unknown	2011	Oliver Butcher	"\N"	"\N"
Forsaken	2018	Alexander Kulikov	1965	2016
Among Thieves	2019	K.C. Schrimpl	"\N"	"\N"
Unknown Origins	2020	David Galán Galindo	"\N"	"\N"
Nature of Love	2020	Barbara Kymlicka	"\N"	"\N"
Amityville: Mt. Misery Rd.	2018	Chuck Morrongiello	"\N"	"\N"
Paris Frills	1945	Jacques Becker	1906	1960
Nowhere to Run	1993	Randy Feldman	"\N"	"\N"
Bliss	1997	Lance Young	"\N"	"\N"
Disappearing Acts	2000	Terry McMillan	1951	"\N"
A Timeless Christmas	2020	Alexis Stanton	"\N"	"\N"
MacGruber	2010	John Solomon	1970	"\N"
Black	2005	Sanjay Leela Bhansali	1963	"\N"
Burning Ghost	2019	Frédéric Videau	1964	"\N"
Calm Like a Bomb	2021	Mauro Russo Rouge	"\N"	"\N"
The Numbers Station	2013	F. Scott Frazier	"\N"	"\N"
Ace Wonder: Message from a Dead Man	2014	John Robert Moore	"\N"	"\N"
Man Camp	2019	Scott Kruse	"\N"	"\N"
Fukushima 50	2020	Yoichi Maekawa	"\N"	"\N"
First Blood	1982	Michael Kozoll	"\N"	"\N"
Rush	1991	Peter Dexter	1943	"\N"
Gladiator	1992	Lyle Kessler	"\N"	"\N"
Caught in His Web	2022	Danielle Iman	"\N"	"\N"
Delirium	2018	Francisco Castro	"\N"	"\N"
Southern Wind	2014	Mika Ogita	"\N"	"\N"
A Very Murray Christmas	2015	Sofia Coppola	1971	"\N"
15 Minutes of War	2019	Fred Grivois	"\N"	"\N"
Doctor Dolittle	1967	Leslie Bricusse	1931	2021
Electric Dreams	1984	Rusty Lemorande	"\N"	"\N"
Journey to the Center of the Earth	1988	Rusty Lemorande	"\N"	"\N"
This Is England	2006	Shane Meadows	1972	"\N"
Arranged	2007	Yuta Silverman	"\N"	"\N"
Homeroom	2021	Kristina Motwani	"\N"	"\N"
Better Start Running	2018	Chad Faust	1980	"\N"
The Confessions	2016	Roberto Andò	1959	"\N"
Breathe	2017	William Nicholson	1948	"\N"
Prey, in Cold Blood	2016	Anthony Werley	"\N"	"\N"
Vox Lux	2018	Mona Fastvold	1986	"\N"
Lilith	2018	Anthony Werley	"\N"	"\N"
Trouble Brewing	1939	Angus MacPhail	1903	1962
The Angry Red Planet	1959	Sidney W. Pink	1916	2002
Seeding of a Ghost	1983	Yee-Hung Lam	"\N"	"\N"
1492: Conquest of Paradise	1992	Rose Bosch	"\N"	"\N"
3 Times a Charm	2011	Michael Matteo	"\N"	"\N"
Blindsided	2018	Brad Wetherly	"\N"	"\N"
Purge of Kingdoms	2019	J.J. McDowell	"\N"	"\N"
Drums Along the Mohawk	1939	Sonya Levien	1888	1960
The Hunchback of Notre Dame	1939	Sonya Levien	1888	1960
Valley of the Zombies	1946	Royal K. Cole	1907	1993
Twist of Fate	1954	Carl Nystrom	1910	1979
I Love Maria	1988	Kai-Chi Yuen	"\N"	"\N"
Mid-Century	2022	Mike Stern	"\N"	"\N"
Driven to Dance	2018	Tati Elsher	"\N"	"\N"
Bells Are Ringing	1960	Adolph Green	1914	2002
The Devil, Probably	1977	Robert Bresson	1901	1999
Big Trouble in Little China	1986	Gary Goldman	1953	"\N"
When He Didn't Come Home	1998	John Miglis	"\N"	"\N"
The Express	2008	Charles Leavitt	"\N"	"\N"
Isolation	2021	Adam R. Brown	"\N"	"\N"
Hell Bank Presents: Running Ghost	2020	Bi Szeto	"\N"	"\N"
I'd Kill for You	2018	Monika Lynn Wesley	"\N"	"\N"
An Uncommon Grace	2017	Serena B. Miller	"\N"	"\N"
Beyond Rangoon	1995	Alex Lasker	"\N"	"\N"
Coming Down the Mountain	2007	Mark Haddon	1962	"\N"
The Congress	2013	Stanislaw Lem	1921	2006
Diablo. The race for everything	2019	Daniel Markowicz	1974	"\N"
I Confess	1953	William Archibald	1917	1970
Once Bitten	1985	Dimitri Villard	"\N"	"\N"
A Place for Annie	1994	Cathleen Young	"\N"	"\N"
La cebra	2011	Fernando Javier León Rodríguez	"\N"	"\N"
The Queen of Spades	2016	Aleksandr Lungin	1971	"\N"
The Gunman	2015	Pete Travis	"\N"	"\N"
Cam Girl	2014	Angelica Gallo	1990	"\N"
A Stand Up Guy	2016	Mike Young	"\N"	"\N"
Sweater Girls	1978	Neva Friedenn	"\N"	"\N"
The Devil and Holy Water	1983	Bruno Corbucci	1931	1996
Madam Q	1996	San-Feng Chang	"\N"	"\N"
Today You Die	2005	Danny Lerner	1952	2015
Battlestar Galactica: Razor	2007	Glen A. Larson	1937	2014
One December Night	2021	Eric Brooks	"\N"	"\N"
The Substance: Albert Hofmann's LSD	2011	Martin Witz	"\N"	"\N"
Alice in Marialand	2014	Fernando del Razo	"\N"	"\N"
7 Letters	2015	Ivan Ho	"\N"	"\N"
Dywizjon 303	2018	Chris Burdza	"\N"	"\N"
Monster Family	2017	Benedikt Niemann	1969	"\N"
The Angry Guest	1972	Kuang Ni	1935	2022
The Kung Fu Instructor	1979	Kuang Ni	1935	2022
Backbeat	1994	Michael Thomas	"\N"	"\N"
The Ten	2007	Ken Marino	1968	"\N"
The Devil's Double	2011	Michael Thomas	"\N"	"\N"
Super Monsters Super Monsters : The New Class	0	Noelle Wright	"\N"	"\N"
Head Over Heels	2010	Paulo Cursino	"\N"	"\N"
Hell and Back	2015	Tom Gianas	"\N"	"\N"
Project 'Gemini'	2022	Dmitriy Zhigalov	"\N"	"\N"
Vox Lux	2018	Brady Corbet	1988	"\N"
One Nation, One King	2018	Pierre Schoeller	1961	"\N"
City Hunter	2018	Julien Arruti	1978	"\N"
Candleshoe	1977	Michael Innes	1906	1994
Snake Eater	1989	Michael Paseornek	"\N"	"\N"
Untraceable	2008	Mark Brinker	"\N"	"\N"
Snow Buddies	2008	Anna McRoberts	"\N"	"\N"
Treasure Buddies	2012	Anna McRoberts	"\N"	"\N"
Wish Man	2019	Theo Davies	"\N"	"\N"
Charming Christmas	2015	Rosalind Noonan	"\N"	"\N"
Grandma's House	2016	Kimberley T. Curtis	"\N"	"\N"
Wrestle	2018	Lauren Belfer	"\N"	"\N"
Piranhas	2019	Maurizio Braucci	1966	"\N"
Jam	2018	Sabu	1964	"\N"
The Dunwich Horror	1970	Curtis Hanson	1945	2016
Redneck	1973	Win Wells	1935	1983
The Tin Drum	1979	Volker Schlöndorff	1939	"\N"
Gone Fishin'	1997	Jill Mazursky	1965	"\N"
The Undeserved	2004	Brad Coley	"\N"	"\N"
Evoscarion: 2.0 You Can (Not) Advance	2009	Hideaki Anno	1960	"\N"
Spectre	2015	Jez Butterworth	1969	"\N"
The Talent	2013	Quang Huy	1980	"\N"
Contract to Kill	2016	Keoni Waxman	1968	"\N"
Night Comes On	2018	Jordana Spiro	1977	"\N"
For Me and My Gal	1942	Howard Emmett Rogers	1890	1971
An American in Paris	1951	Alan Jay Lerner	1918	1986
Camelot	1967	Alan Jay Lerner	1918	1986
Airport	1970	Arthur Hailey	1920	2004
Twice a Woman	1979	Harry Mulisch	1927	2010
Shipwrecked	1990	Bob Foss	"\N"	"\N"
Joan the Maid 2: The Prisons	1994	Christine Laurent	1944	2023
Nowhere to Run	1993	Richard Marquand	1937	1987
Female Prisoner #701: Scorpion	1972	Hirô Matsuda	1933	2022
Out Live	2000	Young-jun Kim	1968	"\N"
Mission London	2010	Alek Popov	"\N"	"\N"
Mookuthi Amman	2020	Amar Babaria	"\N"	"\N"
Hauling	2010	Sean Walsh	1970	"\N"
Christmas Manger	2017	Andrea Gyertson Nasfell	"\N"	"\N"
Night Nurse	1931	Oliver H.P. Garrett	1894	1952
Victoria the Great	1937	Miles Malleson	1888	1969
The Further Adventures of the Wilderness Family	1978	Arthur R. Dubs	1930	2013
Double Trouble	1992	Charles Osburn	"\N"	"\N"
Magellan	2017	Scott Baird	"\N"	"\N"
Hocus Pocus	1993	David Kirschner	1955	"\N"
OSS 117: Lost in Rio	2009	Jean-François Halin	1961	"\N"
My Best Friend's Bouquet	2020	Hilary Galanoy	"\N"	"\N"
Victor Crowley	2017	Adam Green	1975	"\N"
Wrestle	2018	Steven Klein	1975	"\N"
The Best Years of Our Lives	1946	MacKinlay Kantor	1904	1977
They Might Be Giants	1971	James Goldman	1927	1998
Wanda Nevada	1979	Dennis Hackin	"\N"	"\N"
Tortoise in Love	2012	Guy Browning	"\N"	"\N"
Te presento a Laura	2010	Martha Higareda	"\N"	"\N"
The Mad Whale	2017	Paul Rufus Jones	"\N"	"\N"
2nd Date Sex	2019	Rachel Hirons	"\N"	"\N"
Space	2020	Cooper Holmes	"\N"	"\N"
Glory at Sea	1952	William Fairchild	1918	2000
Gone Fishin'	1997	J.J. Abrams	1966	"\N"
A Sound of Thunder	2005	Gregory Poirier	1961	"\N"
Rise and Shine, Benedict Stone	2021	Phaedra Patrick	"\N"	"\N"
Zeroville	2019	Steve Erickson	"\N"	"\N"
Black November	2012	Jeta Amata	"\N"	"\N"
Innocent Curse	2017	Takashi Shimizu	1972	"\N"
Cutterhead	2018	Mikkel Bak Sørensen	"\N"	"\N"
Eat Brains Love	2019	Mike Herro	"\N"	"\N"
Counterpoint	1967	Alan Sillitoe	1928	2010
The Lovers on the Bridge	1991	Leos Carax	1960	"\N"
Underworld: Rise of the Lycans	2009	Dirk Blackman	"\N"	"\N"
The Gunman	2015	Don MacPherson	1954	"\N"
Juarez 2045	2017	Chris Le	1988	"\N"
7 Letters	2015	Eric Khoo	1965	"\N"
The Brink	2017	Melvin Li	"\N"	"\N"
Young and Innocent	1937	Anthony Armstrong	1897	1976
The Fast Lady	1962	Jack Davies	1913	1994
Here Is Your Life	1966	Bengt Forslund	1932	"\N"
Breakout	1975	Elliott Baker	1922	2007
The Game	1997	John Brancato	1958	"\N"
Sensitive New Age Killer	2000	Mark Savage	1962	"\N"
Arranged	2007	Stefan C. Schaefer	"\N"	"\N"
Miracle Fishing: Kidnapped Abroad	2020	Miles Hargrove	1972	"\N"
Finding Jesus	2020	Jason Wright	"\N"	"\N"
For the Love of Mary	1948	Oscar Brodney	1907	2008
Street Law	1974	Massimo De Rita	1935	2013
The Express	2008	Robert Gallagher	"\N"	"\N"
Beauty and the Beast	2014	Jeanne-Marie Leprince de Beaumont	1711	1780
The Infinity Project	2018	Michael Fredianelli	1980	"\N"
The Small One	1978	Charles Tazewell	1900	1972
Psycho IV: The Beginning	1990	Robert Bloch	1917	1994
Danger: Diabolik	1968	Adriano Baracco	1907	1976
Tourist Trap	1979	David Schmoeller	1947	"\N"
Scuola di ladri	1986	Franco Castellano	1925	1999
Underworld: Rise of the Lycans	2009	Danny McBride	"\N"	"\N"
Shadows on the Wall	2015	Ben Carland	"\N"	"\N"
Hollow Point	2019	Evan Law	1981	"\N"
Society	1989	Rick Fry	"\N"	"\N"
Endless Love	2014	Scott Spencer	1945	"\N"
Almost Home	2018	Erik Jensen	1970	"\N"
Philadelphia	1993	Ron Nyswaner	1956	"\N"
Chill Factor	1999	Mike Cheda	"\N"	"\N"
ATM	2012	Chris Sparling	1977	"\N"
Why Stop Now?	2012	Ron Nyswaner	1956	"\N"
Mr. Nice	2010	Bernard Rose	1960	"\N"
Zookeeper	2011	Jay Scherick	"\N"	"\N"
Baahubali 2: The Conclusion	2017	C.H. Vijay Kumar	"\N"	"\N"
Little Lord Fauntleroy	1936	Hugh Walpole	1884	1941
Murders in the Rue Morgue	1971	Henry Slesar	1927	2002
Circumstances 2: The Chase	2020	Ramon Sloan	"\N"	"\N"
Playdate	2013	Melissa Samuels	"\N"	"\N"
Paris Does Strange Things	1956	Jean Serge	1916	1998
A Sunday in the Country	1984	Pierre Bost	1901	1975
I Love It from Behind!	1981	Kazuhiko Ban	"\N"	"\N"
The Accidental Husband	2008	Bonnie Sikowitz	1969	"\N"
Mardi Gras: Spring Break	2011	Josh Heald	1977	"\N"
No Escapes	2020	Alexey Nuzhny	"\N"	"\N"
Baahubali 2: The Conclusion	2017	Vijayendra Prasad	1942	"\N"
Saaho	2019	Hussain Dalal	1989	"\N"
The Wedding Party	1969	Cynthia Munroe	"\N"	"\N"
Sleeping Dogs	1977	Arthur Baysting	1947	2019
The Forsaken	2001	J.S. Cardone	1946	"\N"
Mickey, Donald, Goofy: The Three Musketeers	2004	David Mickey Evans	1962	"\N"
The Covenant	2006	J.S. Cardone	1946	"\N"
R.I.P.D.	2013	Phil Hay	"\N"	"\N"
Los Hijos de San Luis	2020	Álex López	1986	"\N"
Hell Bank Presents: Running Ghost	2020	Nate Ki	"\N"	"\N"
Soorma	2018	Shaad Ali	1970	"\N"
The Terror	1963	Jack Hill	1933	"\N"
Boeing, Boeing	1965	Edward Anhalt	1914	2000
Neha	1991	Martin Sulík	1962	"\N"
Ladies Room	1999	Natalina Di Leandro	"\N"	"\N"
The Devil's Double	2011	Latif Yahia	"\N"	"\N"
My Best Friend's Bouquet	2020	Brittni Brown	"\N"	"\N"
And Soon the Darkness	2010	Marcos Efron	"\N"	"\N"
Shark Night	2011	Jesse Studenberg	"\N"	"\N"
Quarantine L.A.	2013	Filip Maciejewicz	"\N"	"\N"
Papusza	2013	Krzysztof Krauze	1953	2014
Trailer Park Boys: Don't Legalize It	2014	Mike O'Neill	"\N"	"\N"
Captive	2015	Stacy Mattingly	"\N"	"\N"
Samurai Cop 2: Deadly Vengeance	2015	Rich Mallery	"\N"	"\N"
Wait Until Dark	1967	Robert Carrington	1928	"\N"
Twice a Woman	1979	Jurriën Rood	1955	"\N"
Sexmission	1984	Juliusz Machulski	1955	"\N"
House II: The Second Story	1987	Fred Dekker	1959	"\N"
King Size	1988	Juliusz Machulski	1955	"\N"
Beauty and the Bastard	2005	Pekko Pesonen	"\N"	"\N"
The Exorcism of God	2021	Alejandro Hidalgo	"\N"	"\N"
Chuck Lawson and the Night of the Invaders	2020	Tyler Bonner	"\N"	"\N"
Her Name Was Christa	2020	James L. Edwards	1972	"\N"
Acute Misfortune	2018	Thomas M. Wright	1983	"\N"
The Angry Red Planet	1959	Ib Melchior	1917	2015
The Young Seducers	1971	Erwin C. Dietrich	1930	2018
Futurama: Bender's Big Score	2007	Matt Groening	1954	"\N"
The Mine	2012	Jeff Chamberlain	1954	2020
Backgammon	2015	Todd Niemi	"\N"	"\N"
The Confessions	2016	Angelo Pasquini	"\N"	"\N"
Dywizjon 303	2018	Tomasz Kepski	"\N"	"\N"
Man Camp	2019	Josh Long	1983	"\N"
Mad About Mambo	2000	John Forte	"\N"	"\N"
Heights	2005	Amy Fox	"\N"	"\N"
Camino	2008	Javier Fesser	1964	"\N"
Super Monsters Super Monsters : The New Class	0	Kaaren Lee Brown	"\N"	"\N"
Bhutto	2010	Johnny O'Hara	"\N"	"\N"
The Possession of Michael King	2014	Tedi Sarafian	1966	"\N"
Assassin 33 A.D.	2020	Jim Carroll	"\N"	"\N"
Climax	2018	Gaspar Noé	1963	"\N"
Wheels of Fortune	2020	John Ducey	1969	"\N"
Vedo nudo	1969	Fabio Carpi	1925	2018
Eyes Wide Shut	1999	Stanley Kubrick	1928	1999
A Guy Thing	2003	Bill Wrubel	"\N"	"\N"
Morning Show Mysteries Morning Show Mysteries: Death by Design	2019	Amber Benson	1977	"\N"
Mookuthi Amman	2020	RJ Balaji	1985	"\N"
A Lonely Place to Die	2011	Julian Gilbey	1975	"\N"
Fukushima 50	2020	Ryûshô Kadota	"\N"	"\N"
The Stranger Wore a Gun	1953	John W. Cunningham	1915	2002
Cantonen Iron Kung Foo	1979	Hsin Wei	"\N"	"\N"
Real Genius	1985	PJ Torokvei	1951	2013
Gods and Generals	2003	Jeff Shaara	1952	"\N"
A Tale of Two Sisters	2003	Jee-woon Kim	1964	"\N"
Cimarron	1960	Edna Ferber	1885	1968
The Gumball Rally	1976	Charles Bail	1935	2020
The Big Lebowski	1998	Joel Coen	1954	"\N"
Ladies Room	1999	Geneviève Lefebvre	1949	"\N"
Mowgli: Legend of the Jungle	2018	Callie Kloves	"\N"	"\N"
Three Christs	2017	Milton Rokeach	"\N"	"\N"
Untamed Woman	1957	Yôko Mizuki	1910	2003
The Tin Drum	1979	Günter Grass	1927	2015
First Blood	1982	William Sackheim	1919	2004
The Binding	2020	Domenico de Feudis	"\N"	"\N"
Mystery Team	2009	D.C. Pierson	"\N"	"\N"
The Twilight Saga: Eclipse	2010	Melissa Rosenberg	1962	"\N"
A Real Vermeer	2016	Rudolf van den Berg	1949	"\N"
Loving Vincent	2017	Jacek Dehnel	1980	"\N"
MFKZ	2017	Baljeet Rai	"\N"	"\N"
View from a Blue Moon	2015	Jay Tormohlen	"\N"	"\N"
The Academy of Magic	2020	Cindy Robinson	1973	"\N"
Knights of the Damned	2017	James Morelli-Green	"\N"	"\N"
Little Lord Fauntleroy	1936	Frances Hodgson Burnett	1849	1924
Intentions of Murder	1964	Keiji Hasebe	1914	"\N"
Der Turm der verbotenen Liebe	1968	Kurt Nachmann	1915	1984
Big Trouble in Little China	1986	David Z. Weinstein	"\N"	"\N"
Amanda & the Alien	1995	Robert Silverberg	1935	"\N"
Two Came Back	1997	Meg Noonan	"\N"	"\N"
Forsaken	2018	Mikhail Raskhodnikov	"\N"	"\N"
Paper Spiders	2020	Natalie Shampanier	"\N"	"\N"
Twist of Fate	1954	David Miller	1909	1992
Counterpoint	1967	Joel Oliansky	1935	2002
Buffalo Bill and the Indians, or Sitting Bull's History Lesson	1976	Robert Altman	1925	2006
Alison's Birthday	1981	Ian Coughlan	1946	2001
Heaven & Earth	1993	Jay Wurts	"\N"	"\N"
Rugrats in Paris	2000	J. David Stem	"\N"	"\N"
In Absentia	2000	Timothy Quay	1947	"\N"
The Undeserved	2004	Paul Sado	1978	"\N"
Asylum: Twisted Horror and Fantasy Tales	2020	Enrique Codesido	"\N"	"\N"
Yu-Gi-Oh!: The Dark Side of Dimensions	2016	Kazuki Takahashi	1961	2022
A Safe Place	1971	Henry Jaglom	1938	"\N"
Delirium	1979	Peter Maris	"\N"	"\N"
Pocahontas 2: Journey to a New World (1998) (V)	1998	Cindy Marcus	"\N"	"\N"
Executive Order	2020	Lusa Silvestre	"\N"	"\N"
Los Hijos de San Luis	2020	Antonio Jesús Rojas	"\N"	"\N"
The Queen of Spades	2016	Alexander Pushkin	1799	1837
1/2 New Year	2019	Georgia Menides	1975	"\N"
Drib	2017	Kristoffer Borgli	1985	"\N"
Monsters and Men	2018	Reinaldo Marcus Green	1981	"\N"
Mother	1925	Françoise Rosay	1891	1974
Danger: Diabolik	1968	Angela Giussani	1922	1987
Those Desperate Men Who Smell of Dirt and Death	1969	José Luis Martínez Mollá	"\N"	"\N"
Murders in the Rue Morgue	1971	Christopher Wicking	1943	2008
Lesson of a Dead Language	1979	Andrzej Kusniewicz	1904	1993
Fear City	1984	Nicholas St. John	"\N"	"\N"
Psycho IV: The Beginning	1990	Joseph Stefano	1922	2006
Rose Hill	1997	Julie Garwood	1944	2023
Set Secrets	2022	Keyana Mckinzie	"\N"	"\N"
The Bedford Incident	1965	Mark Rascovich	"\N"	"\N"
Heroes of Fort Worth	1965	Alberto De Martino	1929	2015
Once Bitten	1985	David Hines	"\N"	"\N"
Stick	1985	Joseph Stinson	"\N"	"\N"
Improvisiert und zielbewusst	1967	Maurício Gomes Leite	1936	"\N"
Skateboard or Die	2018	Kit McDee	1973	"\N"
Richard The Lionheart	2013	Gero Giglio	"\N"	"\N"
Young and Innocent	1937	Charles Bennett	1899	1995
The True Story of Jesse James	1957	Walter Newman	1916	1993
Lion	2016	Luke Davies	1962	"\N"
Vixen Velvet's Zombie Massacre	2015	Stefan Popescu	"\N"	"\N"
A Very Murray Christmas	2015	Mitch Glazer	1953	"\N"
A Very Curious Girl	1969	Jacques Serguine	"\N"	"\N"
The Bees	1978	Alfredo Zacarías	1941	"\N"
The Plane	2005	Gilles Marchand	1963	"\N"
Cheap Flight!!	2013	Shôgô Kashida	1960	"\N"
Documented	2013	Jose Antonio Vargas	"\N"	"\N"
Sweet Sixteen	1983	Erwin Goldman	"\N"	"\N"
The Verdict	1982	Barry Reed	1927	2002
The Couch Trip	1988	Sean Stein	"\N"	"\N"
Filth	2013	Jon S. Baird	1972	"\N"
Villain	2010	Sang-il Lee	1974	"\N"
Quakers: That of God in Everyone	2015	Donne Hayden	"\N"	"\N"
Kill Ben Lyk	2018	Oliver Maltman	1976	"\N"
Mad Love	1935	Florence Crewe-Jones	1876	1940
School of Life	2005	Jonathan Kahn	"\N"	"\N"
The Legend of Hei	2019	Mtjj	"\N"	"\N"
Silent Rain	2019	Eiji Umehara	"\N"	"\N"
Man on a Ledge	2012	Pablo F. Fenjves	1956	"\N"
Justice League: War	2014	Heath Corson	"\N"	"\N"
Lego Scooby-Doo!: Haunted Hollywood	2016	Heath Corson	"\N"	"\N"
Winter adu00e9	1989	Thomas Plenert	1951	2023
From Dusk Till Dawn 3: The Hangman's Daughter	1999	Robert Rodriguez	1968	"\N"
The Plane	2005	Ismaël Ferroukhi	1962	"\N"
Snatchers	2019	Stephen Cedars	"\N"	"\N"
One for the Road	2021	Baz Poonpiriya	"\N"	"\N"
The Devil's Rock	2011	Paul Campion	1967	"\N"
Noble Fir	2014	Joseph Arney	"\N"	"\N"
All Things Must Pass	2015	Steven Leckart	"\N"	"\N"
The Post	2017	Liz Hannah	1985	"\N"
Young and Innocent	1937	Edwin Greenwood	1895	1939
Buffalo Bill and the Indians, or Sitting Bull's History Lesson	1976	Arthur Kopit	1937	2021
Shipwrecked	1990	Greg Dinner	"\N"	"\N"
The Echo of Thunder	1998	H. Haden Yelin	"\N"	"\N"
Tonight I'll Sleep at Yours	2007	Michel Delgado	"\N"	"\N"
Taking a Shot at Love	2021	Julie Sherman Wolfe	"\N"	"\N"
Sex & Drugs & Rock & Roll	2010	Paul Viragh	"\N"	"\N"
American Maniacs	2012	C.M. Downs	1971	"\N"
Fixing Pete	2011	Larry Kase	"\N"	"\N"
Captive	2015	Brian Bird	"\N"	"\N"
Parallel World Love Story	2019	Lion Hitoshizuku	"\N"	"\N"
The Contract	1978	Chi-Hung So	"\N"	"\N"
The Last of His Tribe	1992	Stephen Harrigan	"\N"	"\N"
The Queen of Spades	2016	Valery Pecheykin	"\N"	"\N"
Bharat	2019	Varun V. Sharma	"\N"	"\N"
Look in Any Window	1961	Laurence E. Mascott	1921	2000
The Exterminating oscar	1962	Luis Buñuel	1900	1983
The Private Eyes	1980	Tim Conway	1933	2019
Twister's Revenge!	1988	William Arthur	"\N"	"\N"
Attack Force	2006	Joe Halpin	"\N"	"\N"
The Weekend Away	2022	Sarah Alderson	"\N"	"\N"
Hacker: Trust No One	2021	Anthony Leone	1982	"\N"
MFKZ	2017	Amanda Céline Miller	1987	"\N"
The Talent	2013	Le Thang	"\N"	"\N"
Missing You	2016	Hong-jin Mo	"\N"	"\N"
Saaho	2019	Sujeeth	1990	"\N"
Red Beard	1965	Hideo Oguni	1904	1996
The Bedford Incident	1965	James Poe	1921	1980
Vedo nudo	1969	Bernardino Zapponi	1927	2000
City of Women	1980	Bernardino Zapponi	1927	2000
Dreamscape	1984	David Loughery	"\N"	"\N"
Ladies Room	1999	Leila Basen	"\N"	"\N"
After Masks	2021	Manaal Khan	"\N"	"\N"
A Brony Tale	2014	Brent Hodge	"\N"	"\N"
Truth and Justice	2019	Anton Hansen Tammsaare	1878	1940
The Farthest	2017	Emer Reynolds	"\N"	"\N"
Reflections in a Golden Eye	1967	Chapman Mortimer	"\N"	"\N"
Crooklyn	1994	Cinqué Lee	1966	"\N"
Family Squares	2022	Stephanie Laing	"\N"	"\N"
Hot Water	2021	Larry Rippenkroeger	"\N"	"\N"
Why Stop Now?	2012	Phil Dorling	"\N"	"\N"
Paranormal Activity: The Ghost Dimension	2015	Gavin Heffernan	1980	"\N"
Prisoner X	2016	Robert Reed	"\N"	"\N"
Three Christs	2017	Jon Avnet	1949	"\N"
Kill Ben Lyk	2018	Jean-Christophe Establet	"\N"	"\N"
The Domain	2019	Rui Cardoso Martins	"\N"	"\N"
Africa: The Serengeti	1994	George Casey	1933	2017
Letters to Juliet	2010	Tim Sullivan	1958	"\N"
Los Hijos de San Luis	2020	José González	"\N"	"\N"
The Lone Ranger	2013	Ted Elliott	1961	"\N"
Sarah Cooper: Everything's Fine	2020	Cole Escola	1986	"\N"
Civil War (or, Who Do We Think We Are)	2021	Rachel Boynton	"\N"	"\N"
Deadly Code	2013	Stefano Rulli	1949	"\N"
Paranormal Activity: The Ghost Dimension	2015	Andrew Deutschman	"\N"	"\N"
Nina Forever	2015	Chris Blaine	"\N"	"\N"
The Devil Outside	2018	Andrew Hulme	"\N"	"\N"
Viceroy's House	2017	Larry Collins	1929	2005
The Haunted Castle	1921	Rudolf Stratz	1864	1936
I Cover the Waterfront	1933	Max Miller	1899	1967
The Philadelphia Story	1940	Donald Ogden Stewart	1894	1980
Mutant Action	1993	Jorge Guerricaechevarría	1965	"\N"
Beyond Rangoon	1995	Bill Rubenstein	"\N"	"\N"
Silence	2016	Jay Cocks	1944	"\N"
Battlestar Galactica: Razor	2007	Michael Taylor	"\N"	"\N"
Zookeeper	2011	Nick Bakay	1959	"\N"
Proyecto Emperador	2022	Jorge Guerricaechevarría	1965	"\N"
Day of the Siege	2012	Alessandro Leone	"\N"	"\N"
All You Need Is Love	2015	Hsin-Hsuan Liu	"\N"	"\N"
Paris Frills	1945	Maurice Griffe	1921	2013
R.O.T.O.R.	1987	Cullen Blaine	1935	2020
The Watch	2012	Evan Goldberg	1982	"\N"
10 000 timmar	2014	Joachim Hedén	"\N"	"\N"
Lion	2016	Saroo Brierley	1981	"\N"
The Eternal Road	2017	Aku Louhimies	1968	"\N"
The Queen of Sin	2018	Laurie Finstad-Knizhnik	"\N"	"\N"
Innocents in Paris	1953	Anatole de Grunwald	1910	1967
Werewolf Woman	1976	Rino Di Silvestro	1932	2009
Cross Bronx	2004	Larry Golin	"\N"	"\N"
Battlestar Galactica: Razor	2007	Ronald D. Moore	1964	"\N"
The Chalk Garden	1964	Enid Bagnold	1889	1981
Danger: Diabolik	1968	Luciana Giussani	1928	2001
L.A. Wars	1994	Tony Kandah	1962	"\N"
Unnatural Causes	2008	Jacques Haitkin	"\N"	"\N"
The Whooper Returns	2021	Samuel Krebs	"\N"	"\N"
I Propose We Never See Each Other Again After Tonight	2020	Sean Garrity	"\N"	"\N"
Silent Rain	2019	Ryûtarô Nakagawa	"\N"	"\N"
Happythankyoumoreplease	2010	Josh Radnor	1974	"\N"
Fixing Pete	2011	Joel Ronkin	"\N"	"\N"
Nina Forever	2015	Ben Blaine	"\N"	"\N"
Mardaani	2014	Gopi Puthran	"\N"	"\N"
The House of Tomorrow	2017	Peter Livolsi	"\N"	"\N"
Rose Plays Julie	2019	Christine Molloy	"\N"	"\N"
Go for Broke!	1951	Robert Pirosh	1910	1989
The Dunwich Horror	1970	Ronald Silkosky	1942	"\N"
Back to the Beach	1987	Bruce Kirschbaum	"\N"	"\N"
Nightmare at the End of the Hall	2008	Nora Zuckerman	"\N"	"\N"
Along for the Ride	2022	Sofia Alvarez	"\N"	"\N"
La cebra	2011	J. Fernando León R.	"\N"	"\N"
I'd Kill for You	2018	Brandon Gregory Zinn	"\N"	"\N"
Brampton's Own	2018	Michael Doneger	"\N"	"\N"
Wait Until Dark	1967	Jane-Howard Hammerstein	1934	2022
Hercules	1983	Luigi Cozzi	1947	"\N"
Day of the Dead	1985	George A. Romero	1940	2017
The Great Debaters	2007	Tony Scherman	"\N"	"\N"
Lake Michigan Monster	2018	Mike Cheslik	"\N"	"\N"
Shock Waves	1977	Ken Wiederhorn	1945	"\N"
Black Rose Ascension	1975	Giichi Fujimoto	1933	"\N"
Los Hijos de San Luis	2020	Manuel Fernández	"\N"	"\N"
Night Market Hero	2011	Tien-Lun Yeh	1975	"\N"
Trailer Park Boys: Don't Legalize It	2014	Mike Clattenburg	"\N"	"\N"
Scrat: Spaced Out	2016	Michael J. Wilson	"\N"	"\N"
Garage Sale Mysteries Garage Sale Mystery: The Mask Murder	2018	Kraig Wenman	1980	"\N"
You Only Live Twice	1967	Roald Dahl	1916	1990
Those Desperate Men Who Smell of Dirt and Death	1969	Julio Buchs	1926	1973
Mission London	2010	Dimitar Mitovski	1964	"\N"
Better Start Running	2018	Annie B. Compton	1983	"\N"
Planet Single	2016	Lukasz Swiatowiec	"\N"	"\N"
Sea to Shining Sea	2017	Maximón Monihan	"\N"	"\N"
The Exterminating oscar	1962	Luis Alcoriza	1918	1992
Set Off	2008	Muchun Cha	"\N"	"\N"
Lupin the 3rd: Napoleon's Dictionary	1991	Monkey Punch	1937	2019
The Ides of March	2011	George Clooney	1961	"\N"
Jackals	2017	Jared Rivet	"\N"	"\N"
Falchi: Falcons Special Squad	2017	Marcello Olivieri	1967	"\N"
Sye Raa Narasimha Reddy	2019	Sai Madhav Burra	1973	"\N"
NTR Kathanayakudu	2019	Sai Madhav Burra	1973	"\N"
Home from the Hill	1960	William Humphrey	1924	1997
Reflections in a Golden Eye	1967	Gladys Hill	1916	1981
Candleshoe	1977	David Swift	1919	2001
1984	1984	Michael Radford	1946	"\N"
Running Against the Wind	2019	Michael Wogh	"\N"	"\N"
The Graduate	1967	Calder Willingham	1922	1995
1984	1984	George Orwell	1903	1950
Mickey, Donald, Goofy: The Three Musketeers	2004	Robin Kingsland	"\N"	"\N"
Percy Jackson & the Olympians: The Lightning Thief	2010	Craig Titley	"\N"	"\N"
Fahrenheit 451	1966	Jean-Louis Richard	1927	2012
Paranoia	1969	Marie Claire Solleville	"\N"	"\N"
Bernie	1996	Albert Dupontel	1964	"\N"
The Larva Island Movie	2020	Jeffrey Hylton	"\N"	"\N"
The More You Ignore Me	2018	Jo Brand	1957	"\N"
The Eternal Road	2017	Antti Tuuri	1944	"\N"
Monsieur Hulot's Holiday	1953	Jacques Lagrange	"\N"	"\N"
Redneck	1973	Rafael Sánchez Campoy	"\N"	"\N"
Young Sherlock Holmes	1985	Chris Columbus	1958	"\N"
Eyes Wide Shut	1999	Frederic Raphael	1931	"\N"
Cat Run	2011	John Niven	"\N"	"\N"
Big Sky	2015	Evan M. Wiener	"\N"	"\N"
Sleeping Dogs	1977	Christian K. Stead	1932	"\N"
The Carrier	1988	Nathan J. White	"\N"	"\N"
The Dreaming	1988	Mario Andreacchio	1955	"\N"
Frackman	2015	John Collee	"\N"	"\N"
Night Comes On	2018	Angelica Nwandu	"\N"	"\N"
The Dark Tower	2017	Jeff Pinkner	"\N"	"\N"
Noble Fir	2014	Christopher W. Graham	"\N"	"\N"
Innsaei	2016	Hrund Gunnsteinsdottir	"\N"	"\N"
15 Minutes of War	2019	Jérémie Guez	"\N"	"\N"
Jingle All the Way	1996	Randy Kornfield	"\N"	"\N"
Reach for the Rings	2021	Nic Nakis	1982	"\N"
MFKZ	2017	Guillaume Renard	"\N"	"\N"
One Day	2017	Kim Young-Hee	"\N"	"\N"
Echoes of Fear	2018	Brian Avenet-Bradley	"\N"	"\N"
Wrestle	2018	Pablo Proenza	1974	"\N"
A Star Is Born	1976	William A. Wellman	1896	1975
Zookeeper	2011	Kevin James	1965	"\N"
Gully Boy	2019	Reema Kagti	"\N"	"\N"
Prey, in Cold Blood	2016	Alexander T. Hwang	"\N"	"\N"
Lilith	2018	Alexander T. Hwang	"\N"	"\N"
Jaws: The Revenge	1987	Peter Benchley	1940	2006
Police Story 2	1988	Paul B. Clay	1943	"\N"
Poppitz	2002	Roland Düringer	1963	"\N"
Stuck	2007	John Strysik	1954	"\N"
OSS 117: Lost in Rio	2009	Michel Hazanavicius	1967	"\N"
Frida Kahlo	2020	Ali Ray	"\N"	"\N"
Cam Girl	2014	Andrea Tagliacozzo	"\N"	"\N"
The Body Snatcher	1945	Val Lewton	1904	1951
I Confess	1953	Paul Anthelme	1851	1914
Evoscarion: 2.0 You Can (Not) Advance	2009	Akio Satsukawa	"\N"	"\N"
Homemade Christmas	2020	John Dion	"\N"	"\N"
One December Night	2021	Sib Ventress	1960	"\N"
Treasure Buddies	2012	Paul Tamasy	"\N"	"\N"
Belzebuth	2017	Luis Carlos Fuentes	1978	"\N"
Objective, Burma!	1945	Ranald MacDougall	1915	1973
The Gumball Rally	1976	Leon Capetanos	"\N"	"\N"
Beowulf & Grendel	2005	Anonymous	"\N"	"\N"
The Plane	2005	Cédric Kahn	1966	"\N"
The Deep House	2021	Julien David	"\N"	"\N"
The Day After Quarantine	2021	Puncho Villashio	"\N"	"\N"
Deadly Code	2013	Nicolai Lilin	1980	"\N"
Winter Nomads	2012	Claude Muret	1947	"\N"
Hotel Transylvania 3: Summer Vacation	2018	Michael McCullers	"\N"	"\N"
Nana	1926	Denise Leblond	"\N"	"\N"
To Catch a Thief	1955	John Michael Hayes	1919	2008
The Chalk Garden	1964	John Michael Hayes	1919	2008
You Only Live Twice	1967	Harold Jack Bloom	1924	1999
Those Desperate Men Who Smell of Dirt and Death	1969	Federico De Urrutia	1907	1988
Seven Blood-Stained Orchids	1972	Paul Hengge	1930	2015
The Dreaming	1988	Rob George	1950	"\N"
The List	2000	Marcel Giroux	"\N"	"\N"
Futurama: Bender's Big Score	2007	Ken Keeler	1961	"\N"
The Michaels	2014	Mandie Green	"\N"	"\N"
Somebody's Xylophone	2016	Yôichi Higashi	1934	"\N"
For Me and My Gal	1942	Sid Silvers	1901	1976
Melody Time	1948	Harry Reeves	1906	1971
Until the End of the World	1991	Solveig Dommartin	1961	2007
Prey of the Jaguar	1996	Nick Spagnoli	"\N"	"\N"
After Masks	2021	Ashley Serrao	"\N"	"\N"
The Old Ways	2020	Marcos Gabriel	"\N"	"\N"
The Michaels	2014	Jennifer Notas Shapiro	"\N"	"\N"
Delirium	2018	Johnny Martin	"\N"	"\N"
Demetri Martin: Live (At the Time)	2015	Demetri Martin	1973	"\N"
Bad People	2016	Alex Petrovitch	1978	"\N"
Annette	2021	Ron Mael	1945	"\N"
Young and Innocent	1937	Josephine Tey	1896	1952
Fahrenheit 451	1966	Ray Bradbury	1920	2012
Liar Liar	1997	Paul Guay	"\N"	"\N"
A Sound of Thunder	2005	Ray Bradbury	1920	2012
A Sound of Thunder	2005	Thomas Dean Donnelly	"\N"	"\N"
Night Market Hero	2011	Yi-Wen Yen	1977	"\N"
Embrace of the Vampire	2013	Alan Mruvka	"\N"	"\N"
Contraband Spain	1955	Lawrence Huntington	1900	1968
Charlie Chan and the Curse of the Dragon Queen	1981	Jerry Sherlock	"\N"	"\N"
High Risk	1995	Jing Wong	1955	"\N"
The Last Cowboy	2003	J.P. Martin	"\N"	"\N"
Son of Rambow	2007	Garth Jennings	1972	"\N"
Marry a Perfect Man	2012	Jing Wong	1955	"\N"
Paranormal Activity: The Ghost Dimension	2015	Adam Robitel	"\N"	"\N"
25, 000 Miles to Glory	2015	Grayson Berry	1975	"\N"
All You Need Is Love	2015	Joyce Liu	"\N"	"\N"
Dywizjon 303	2018	Arkady Fiedler	"\N"	"\N"
Sumurun	1920	Ernst Lubitsch	1892	1947
The Small One	1978	Vance Gerry	1929	2005
Diary for My Children	1984	Márta Mészáros	1931	"\N"
First Christmas	2020	Tasha Henderson	"\N"	"\N"
You Lucky Dog	2010	Kevin Commins	"\N"	"\N"
A Real Vermeer	2016	Jan Eilander	"\N"	"\N"
Sye Raa Narasimha Reddy	2019	Gopalakrishna Paruchuri	1946	"\N"
I Could Go on Singing	1963	Mayo Simon	1928	"\N"
Dead End Drive-In	1986	Peter Carey	1943	"\N"
Until the End of the World	1991	Peter Carey	1943	"\N"
Female Prisoner #701: Scorpion	1972	Tooru Shinohara	1936	"\N"
Miranda	2002	Rob Young	"\N"	"\N"
When a Wolf Falls in Love with a Sheep	2012	Ching-yu Chen	"\N"	"\N"
Falchi: Falcons Special Squad	2017	Toni D'Angelo	"\N"	"\N"
Four Brothers	2005	Paul Lovett	"\N"	"\N"
In from the Night	2006	Susanna Styron	1955	"\N"
Rhapsody of Love	2021	Joy Hopwood	"\N"	"\N"
One for the Road	2021	Puangsoi Aksornsawang	"\N"	"\N"
The Butler	2013	Wil Haygood	1954	"\N"
Anegan	2015	A.N. Balakrishnan	"\N"	"\N"
Puppy Love	2012	Peter Hunziker	"\N"	"\N"
Almost Home	2018	Jessica Blank	1975	"\N"
Purge of Kingdoms	2019	Kevin Dean	"\N"	"\N"
Parallel World Love Story	2019	Keigo Higashino	1958	"\N"
Variety	1925	Felix Hollaender	1867	1931
Shipwrecked	1990	O.V. Falck-Ytter	"\N"	"\N"
Fay Grim	2006	Hal Hartley	1959	"\N"
Isolation	2021	Cody Goodfellow	"\N"	"\N"
Night of the Wild	2015	Delondra Mesa	"\N"	"\N"
City Hunter	2018	Tsukasa Hôjô	1959	"\N"
Burning Ghost	2019	Christine Dory	1965	"\N"
Ocean's Eight	2018	Olivia Milch	"\N"	"\N"
Antes de que nos olviden	2013	Pablo Galfre	"\N"	"\N"
I Wanna Hold Your Hand	1978	Bob Gale	1951	"\N"
Paycheck	2003	Dean Georgaris	"\N"	"\N"
Tristan + Isolde	2006	Dean Georgaris	"\N"	"\N"
Young Adult	2011	Diablo Cody	1978	"\N"
The Pack	2015	Evan Randall Green	"\N"	"\N"
Rain	2020	Anti Naulainen	"\N"	"\N"
Objective, Burma!	1945	Alvah Bessie	1904	1985
The Astronaut's Wife	1999	Rand Ravich	"\N"	"\N"
Hitman	1998	Kam Fu Cheng	"\N"	"\N"
Miracle Fishing: Kidnapped Abroad	2020	Eric F. Martin	1983	"\N"
Butlers in Love	2022	Anna White	"\N"	"\N"
Scooby-Doo! Adventures: The Mystery Map	2013	Tosh E. Maab	"\N"	"\N"
The Cycle Savages	1969	Bill Brame	1928	"\N"
The Dove	1974	Derek Gill	"\N"	"\N"
A Sunday in the Country	1984	Bertrand Tavernier	1941	2021
Letters to Juliet	2010	Jose Rivera	1955	"\N"
Tonight I'll Sleep at Yours	2007	Olivier Baroux	1964	"\N"
Hell and Back	2015	Zeb Wells	"\N"	"\N"
Unknown Origins	2020	Fernando Navarro	"\N"	"\N"
Cash on Demand	1961	Jacques Gillies	1920	2009
Shock Waves	1977	John Kent Harrison	"\N"	"\N"
Nowhere to Run	1993	Leslie Bohem	1951	"\N"
The List	2000	Sylvain Guy	"\N"	"\N"
Mother's Love	2022	Adolfo Valor	"\N"	"\N"
Iron Girl: Final Wars	2019	Yasutoshi Murakawa	"\N"	"\N"
Christmas on Ice	2020	John Stimpson	"\N"	"\N"
Hunt for the Labyrinth Killer	2013	Johnson Chan	"\N"	"\N"
7 Letters	2015	Ting Li Lim	"\N"	"\N"
The Couch Trip	1988	Steven Kampmann	1947	"\N"
The Mighty Quinn	1989	Albert Z. Carr	1902	1971
School of the Damned	2019	Philip Dyas	"\N"	"\N"
Burning Ghost	2019	Stéphane Batut	"\N"	"\N"
Ironclad	2011	Stephen McDool	"\N"	"\N"
Set Off	2008	Li Wang	"\N"	"\N"
Route Irish	2010	Paul Laverty	1957	"\N"
Clash	2009	Thanh Son Le	1977	"\N"
Man Camp	2019	Daniel Cummings	"\N"	"\N"
For Me and My Gal	1942	Richard Sherman	1905	1962
Der Turm der verbotenen Liebe	1968	Alexandre Dumas	1802	1870
The Legend of Hei	2019	Fengxishenlei	"\N"	"\N"
The Lone Ranger	2013	Terry Rossio	1960	"\N"
Minutes to Midnight	2018	Victoria Dadi	1973	"\N"
Cherry	2021	Angela Russo-Otstot	"\N"	"\N"
Deception	1920	Hanns Kräly	1884	1950
Sumurun	1920	Hanns Kräly	1884	1950
Miss Sadie Thompson	1953	Harry Kleiner	1916	2007
Le Mans	1971	Harry Kleiner	1916	2007
Pocahontas 2: Journey to a New World (1998) (V)	1998	Allen Estrin	"\N"	"\N"
All You Need Is Love	2015	Richie Jen	1966	"\N"
The Infinity Project	2018	James Allen Brewer	"\N"	"\N"
The Killer Is Loose	1956	John Hawkins	1910	1978
The Stalker's Apprentice	1998	M.S. Power	"\N"	"\N"
Loving Vincent	2017	DK Welchman	1978	"\N"
Police Story 2	1988	Edward Tang	1946	"\N"
The Bucket List	2007	Justin Zackham	"\N"	"\N"
Madelines	2022	Brea Grant	1981	"\N"
Breakaway	2011	Noel S. Baker	"\N"	"\N"
Three Christs	2017	Eric Nazarian	1976	"\N"
Hospitality	2018	David Guglielmo	"\N"	"\N"
The Racer	2020	Sean Cook	"\N"	"\N"
Hollow Point	2019	Chad Law	"\N"	"\N"
Tyger Tyger	2019	Kerry Mondragón	"\N"	"\N"
Batman & Robin	1997	Akiva Goldsman	1962	"\N"
Stuck	2007	Stuart Gordon	1947	2020
Tonight I'll Sleep at Yours	2007	Jean-Paul Bathany	"\N"	"\N"
My Best Friend's Bouquet	2020	Elizabeth Hackett	"\N"	"\N"
The Dark Tower	2017	Akiva Goldsman	1962	"\N"
Frackman	2015	Jonathan Stack	1957	"\N"
Yu-Gi-Oh!: The Dark Side of Dimensions	2016	Masahiro Hikokubo	"\N"	"\N"
Neon Bull	2015	Marcelo Gomes	1963	"\N"
The Fast Lady	1962	Keble Howard	1875	1928
In from the Night	2006	Bridget Terry	"\N"	"\N"
After Masks	2021	Rebekah Wiggins	"\N"	"\N"
DC Showcase: Blue Beetle	2021	Jeremy Adams	"\N"	"\N"
Unbridled	2017	Christy McGlothlin	"\N"	"\N"
Straight Shooting	1917	George Hively	1889	1950
Comrades of 1918	1930	Ernst Johannsen	"\N"	"\N"
Mutant Action	1993	Álex de la Iglesia	1965	"\N"
Backbeat	1994	Iain Softley	1958	"\N"
Heaven & Earth	1993	Le Ly Hayslip	"\N"	"\N"
Wedding Planner Mystery	2014	Deborah Donnelly	"\N"	"\N"
Bangalore Days	2014	Anjali Menon	"\N"	"\N"
Cherry Tree	2015	Brendan McCarthy	"\N"	"\N"
Soorma	2018	Suyash Trivedi	"\N"	"\N"
Paranoia	1969	Umberto Lenzi	1931	2017
The Ancines Woods	1970	Carlos Martínez-Barbeito	"\N"	"\N"
A Very Curious Girl	1969	Nelly Kaplan	1931	2020
Seven Blood-Stained Orchids	1972	Umberto Lenzi	1931	2017
Christiane F.	1981	Kai Hermann	"\N"	"\N"
Executive Order	2020	Elísio Lopes Jr.	"\N"	"\N"
Fear and Desire	1953	Howard Sackler	1929	1982
84 Charing Cross Road	1987	James Roose-Evans	1927	2022
Bill & Ted's Excellent Adventure	1989	Chris Matheson	1959	"\N"
The Great Debaters	2007	Robert Eisele	"\N"	"\N"
The Evil Twin	2021	S.L. Heath	"\N"	"\N"
And Soon the Darkness	2010	Brian Clemens	1931	2015
Filth	2013	Irvine Welsh	1958	"\N"
Rapture-Palooza	2013	Chris Matheson	1959	"\N"
Papusza	2013	Joanna Kos-Krauze	1972	"\N"
Enigma Man a Stone Age Mystery	2014	Daniella Ortega	"\N"	"\N"
King In The Wilderness	2018	Chris Chuang	"\N"	"\N"
Objective, Burma!	1945	Lester Cole	1904	1985
Melody Time	1948	Winston Hibler	1910	1976
The Nan Movie	2022	Catherine Tate	1969	"\N"
The Boulet Brothers' Dragula: Resurrection	2020	Swanthula Boulet	"\N"	"\N"
Le mac	2010	Thomas Langmann	1971	"\N"
Winter Nomads	2012	Manuel von Stürler	"\N"	"\N"
Paranormal Activity: The Ghost Dimension	2015	Jason Pagan	"\N"	"\N"
Onna no ana	2014	Kôta Yoshida	1978	"\N"
The Beauty Inside	2015	Kyung-hee Noh	"\N"	"\N"
The Last Hunt	1956	Milton Lott	1919	1996
Double Trouble	1992	Kurt Wimmer	1964	"\N"
Smoke Signals	1998	Sherman Alexie	1966	"\N"
Two Came Back	1997	Deborah Scaling-Kiley	1958	2012
Beowulf & Grendel	2005	Andrew Rai Berzins	"\N"	"\N"
The Exorcism of God	2021	Santiago Fernández Calvete	"\N"	"\N"
Point Break	2015	Kurt Wimmer	1964	"\N"
Return to the Wild: The Chris McCandless Story	2014	Niels Dachler	"\N"	"\N"
Blame	2017	Quinn Shephard	1995	"\N"
The Racer	2020	Ciaran Cassidy	"\N"	"\N"
Mother	1925	Jacques Feyder	1885	1948
The President's Lady	1953	John Patrick	1905	1995
The Stranger Wore a Gun	1953	Kenneth Gamet	1903	1971
Rugrats in Paris	2000	Jill Gorey	"\N"	"\N"
The Shopaholics	2006	Kin-Yee Au	"\N"	"\N"
One More Time	2015	Robert Edwards	"\N"	"\N"
Ghabe	2019	Markus Castro	"\N"	"\N"
The Conquest of Siberia	2019	Aleksei Ivanov	1969	"\N"
Flesh and the Devil	1926	Marian Ainslee	1896	1966
The Earrings of Madame De...	1953	Annette Wademant	1928	2017
G.I. Joe: The Movie	1987	Ron Friedman	1932	"\N"
Gladiator	1992	Robert Mark Kamen	1947	"\N"
Twister's Revenge!	1988	Larry Dreyfus	"\N"	"\N"
DC Showcase: Blue Beetle	2021	Jennifer Keene	"\N"	"\N"
After the Reality	2016	David Anderson	"\N"	"\N"
Valley of the Zombies	1946	Stuart E. McGowan	1904	1999
Heaven & Earth	1993	James Hayslip	"\N"	"\N"
Traffic	2000	Simon Moore	1958	"\N"
In the Beginning	2009	Marcia Romano	"\N"	"\N"
Cherry Tree Lane	2010	Paul Andrew Williams	1973	"\N"
Christmas at the Royal Hotel	2018	Craig McCourry	"\N"	"\N"
Wrestle	2018	Suzannah Herbert	"\N"	"\N"
Prey of the Jaguar	1996	Rory Johnston	"\N"	"\N"
Laws of Attraction	2004	Aline Brosh McKenna	1967	"\N"
Fortress of War	2010	Ekaterina Tirdatova	"\N"	"\N"
Beauty and the Beast	2014	Sandra Vo-Anh	"\N"	"\N"
Baahubali 2: The Conclusion	2017	Ajay Kumar	"\N"	"\N"
Overcomer	2019	Stephen Kendrick	"\N"	"\N"
The Terror	1963	Leo Gordon	1922	2000
Scuola di ladri	1986	Neri Parenti	1950	"\N"
Girlfriends Reunited	2020	Robert L. Parker III	"\N"	"\N"
Arctic Apocalypse	2019	Bill Hanstock	"\N"	"\N"
Black Butterfly	2017	Marc Frydman	1958	"\N"
Puppy Love	2012	Cynthia Riddle	"\N"	"\N"
Waiting for You	2017	Charles Garrad	"\N"	"\N"
Raigekitai Shutsudu00f4	1944	Kajirô Yamamoto	1902	1974
The Sadist	1963	James Landis	1926	1991
An American Werewolf in London	1981	John Landis	1950	"\N"
Police Story 2	1988	Jackie Chan	1954	"\N"
The Legend of Hei	2019	Kris Knigge	"\N"	"\N"
The Evil Twin	2021	Shawn Riopelle	"\N"	"\N"
The Devil's Rock	2011	Paul Finch	"\N"	"\N"
Saturn 3	1980	John Barry	1935	1979
Underworld: Rise of the Lycans	2009	Len Wiseman	1973	"\N"
The Dark Tower	2017	Anders Thomas Jensen	1972	"\N"
Flight from Hell	2014	Peter Cameron	"\N"	"\N"
Cherry	2021	Nico Walker	"\N"	"\N"
The Neanderthal Man	1953	Aubrey Wisberg	1909	1990
Skullduggery	1970	Nelson Gidding	1919	2004
Turbulence	1997	Jonathan Brett	"\N"	"\N"
Deadly Inferno	2016	Christian A.V. Petrozza	"\N"	"\N"
Project 'Gemini'	2022	Natalya Lebedeva	"\N"	"\N"
Bharat	2019	Su-jin Park	"\N"	"\N"
The Fast Lady	1962	Henry Blyth	1910	1983
Sex and Death 101	2007	Daniel Waters	1962	"\N"
Last Moment of Clarity	2020	James Krisel	"\N"	"\N"
Getting to the Nutcracker	2014	Serene Meshel-Dillman	"\N"	"\N"
The Academy of Magic	2020	Jorgen Klubien	"\N"	"\N"
House of the Witch	2017	Neil Elman	"\N"	"\N"
Flesh and the Devil	1926	Benjamin Glazer	1887	1956
Annette	2021	Russell Mael	1948	"\N"
Hospitality	2018	Nick Chakwin	"\N"	"\N"
Bharat	2019	Ali Abbas Zafar	1982	"\N"
Monsieur Hulot's Holiday	1953	Henri Marquet	1908	1980
Lucas	1986	David Seltzer	1940	"\N"
Eyes Wide Shut	1999	Arthur Schnitzler	1862	1931
Rise and Shine, Benedict Stone	2021	Melissa Salmons	"\N"	"\N"
VS.	2018	Daniel Hayes	"\N"	"\N"
Monster Family	2017	David Safier	1966	"\N"
The Damned	1962	H.L. Lawrence	1908	1990
Indochine	1992	Louis Gardel	"\N"	"\N"
Mickey, Donald, Goofy: The Three Musketeers	2004	Evan Spiliotopoulos	"\N"	"\N"
Anegan	2015	D. Suresh	"\N"	"\N"
Red Beard	1965	Masato Ide	1920	1989
Equation to an Unknown	1980	Francis Savel	"\N"	"\N"
One for the Road	2021	Nottapon Boonprakob	"\N"	"\N"
Crystal Fairy & the Magical Cactus	2013	Sebastián Silva	1979	"\N"
My Brilliant Life	2014	Min-seok Choi	"\N"	"\N"
Lego DC Super Heroes: Justice League - Attack of the Legion of Doom!	2015	James Krieg	"\N"	"\N"
Lego Scooby-Doo!: Haunted Hollywood	2016	James Krieg	"\N"	"\N"
Drums Along the Mohawk	1939	Walter D. Edmonds	1903	1998
The Neanderthal Man	1953	Jack Pollexfen	1908	2003
Seven Blood-Stained Orchids	1972	Roberto Gianviti	1924	2001
The Lords of Flatbush	1974	Gayle Gleckler	"\N"	"\N"
Breakout	1975	Warren Hinckle	1938	2016
In Dangerous Company	1988	Mitch Brown	"\N"	"\N"
Jack's Back	1988	Rowdy Herrington	1951	"\N"
R.I.P.D.	2013	Matt Manfredi	1971	"\N"
The Boulet Brothers' Dragula: Resurrection	2020	Dracmorda Boulet	"\N"	"\N"
Extremely Analytical	2021	Vladimir Vilnikoff	"\N"	"\N"
The Good Neighbor	2016	Mark Bianculli	"\N"	"\N"
Love Fiction	2012	Kye Soo Jeon	"\N"	"\N"
Embrace of the Vampire	2013	Andrew C. Erin	1973	"\N"
Samurai Cop 2: Deadly Vengeance	2015	Tony T.L. Young	"\N"	"\N"
Amityville: Mt. Misery Rd.	2018	Karolina Morrongiello	"\N"	"\N"
Shrunken Heads	1994	Matthew Bright	1952	"\N"
Mystery, Alaska	1999	David E. Kelley	1956	"\N"
Magellan	2017	Rob York	"\N"	"\N"
I Cover the Waterfront	1933	Wells Root	1900	1993
Deep Blood	1990	George Nelson Ott	"\N"	"\N"
Society	1989	Zeph E. Daniel	"\N"	"\N"
Zero Tolerance	1999	Anders Nilsson	1963	"\N"
Zero Tolerance	1999	Joakim Hansson	1965	"\N"
Spellbound	2003	Suzanne Martin	1959	"\N"
MacGruber	2010	Will Forte	1970	"\N"
Miss Bala	2011	Mauricio Katz	"\N"	"\N"
BLINK	2018	Courtney Glaude	"\N"	"\N"
Pluto's Purchase	1948	Eric Gurney	1910	1992
Twice a Woman	1979	George Sluizer	1932	2014
Beethoven	1992	John Hughes	1950	2009
The City of Lost Children	1995	Guillaume Laurant	1961	"\N"
From Dusk Till Dawn 3: The Hangman's Daughter	1999	Álvaro Rodríguez	"\N"	"\N"
Rugrats in Paris	2000	Barbara Herndon	"\N"	"\N"
Lullaby	2014	Andrew Levitas	1977	"\N"
Superman: Unbound	2013	Geoff Johns	1973	"\N"
Justice League: War	2014	Geoff Johns	1973	"\N"
All You Need Is Love	2015	Shih-Keng Chien	"\N"	"\N"
Overcomer	2019	Alex Kendrick	1970	"\N"
That Hamilton Woman	1941	R.C. Sherriff	1896	1975
D.A.R.Y.L.	1985	David Ambrose	1943	"\N"
Intimate Affairs	2001	José Pierre	"\N"	"\N"
Against the Sun	2014	Brian Peter Falk	"\N"	"\N"
Everyday Rebellion	2013	Arman T. Riahi	1981	"\N"
The Sweetheart	2018	Tyler MacIntyre	"\N"	"\N"
Journey to the Center of the Earth	1988	Albert Pyun	1953	2022
Snake Eater	1989	John Dunning	1927	2011
A Place for Annie	1994	Lee Guthrie	"\N"	2012
Paycheck	2003	Philip K. Dick	1928	1982
Revanche	2008	Götz Spielmann	1961	"\N"
Penguin Rescue	2018	BC Fourteen	1972	"\N"
The Best Years of Our Lives	1946	Robert E. Sherwood	1896	1955
Ring of Bright Water	1969	Bill Travers	1922	1994
A Star Is Born	1976	Joan Didion	1934	2021
In Absentia	2000	Stephen Quay	1947	"\N"
The Wave	2008	Johnny Dawkins	"\N"	"\N"
Getaway	2013	Sean Finegan	"\N"	"\N"
The Gunman	2015	Jean-Patrick Manchette	1942	1995
When a Wolf Falls in Love with a Sheep	2012	Shing-Ming Ho	"\N"	"\N"
My Little Pony: Equestria Girls - Friendship Games	2015	Josh Haber	"\N"	"\N"
The Ghost Who Walks	2019	Cody Stokes	"\N"	"\N"
The President's Lady	1953	Irving Stone	1903	1989
Mr. Nice	2010	Howard Marks	1945	2016
Paiyaa	2010	N. Linguswamy	1967	"\N"
Picture Perfect Mysteries Picture Perfect Mysteries: Newlywed and Dead	2019	Walter Klenhard	"\N"	"\N"
Twist of Fate	1954	Robert Westerby	1909	1968
Candleshoe	1977	Rosemary Anne Sisson	1923	2017
Dreamscape	1984	Joseph Ruben	1950	"\N"
Back to the Beach	1987	James Komack	1924	1997
The Beauty Inside	2015	Seon-jeong Kim	"\N"	"\N"
Black Mama White Mama	1973	H.R. Christian	"\N"	"\N"
Buffalo Bill and the Indians, or Sitting Bull's History Lesson	1976	Alan Rudolph	1943	"\N"
Intimate Affairs	2001	Alan Rudolph	1943	"\N"
Seeking Temporary Wife	2003	Robert Styrbjörn	1977	"\N"
Ghost Stories	2020	Dibakar Banerjee	1969	"\N"
Mission London	2010	Delyana Maneva	"\N"	"\N"
Look Both Ways	2022	April Prosser	"\N"	"\N"
Running Against the Wind	2019	Jan Philipp Weyl	"\N"	"\N"
The Conquest of Siberia	2019	Aleksey Permyakov	"\N"	"\N"
Moontide	1942	John O'Hara	1905	1970
Home from the Hill	1960	Harriet Frank Jr.	1923	2020
Delirium	1979	Jim Loew	"\N"	"\N"
Star Trek IV: The Voyage Home	1986	Steve Meerson	"\N"	"\N"
Indochine	1992	Erik Orsenna	1947	"\N"
Like a House on Fire	2020	Jesse Noah Klein	"\N"	"\N"
Neds	2010	Peter Mullan	1959	"\N"
Clash	2009	Quang Hung Ho	"\N"	"\N"
Samurai Cop 2: Deadly Vengeance	2015	Amir Shervan	1929	2006
Baahubali 2: The Conclusion	2017	S.S. Rajamouli	1973	"\N"
Hotel Transylvania 3: Summer Vacation	2018	Genndy Tartakovsky	1970	"\N"
The Damned	1962	Evan Jones	1927	2023
Intentions of Murder	1964	Shinji Fujiwara	"\N"	1984
War and Peace, Part III: The Year 1812	1967	Vasiliy Solovyov	1925	2012
D.A.R.Y.L.	1985	Allan Scott	1939	"\N"
The Trench	1999	William Boyd	1952	"\N"
Meek's Cutoff	2010	Jonathan Raymond	1971	"\N"
Endgame	2015	Hector Salinas	"\N"	"\N"
The Last Emperor	1987	Bernardo Bertolucci	1941	2018
The Santa Clause	1994	Leo Benvenuti	"\N"	"\N"
The Great White Hype	1996	Tony Hendra	1941	2021
Poppitz	2002	Harald Sicheritz	1958	"\N"
Goodbye Seventies	2020	Todd Verow	1966	"\N"
The Mine	2012	Scott Woldman	"\N"	"\N"
Unknown	2011	Didier Van Cauwelaert	1960	"\N"
Last Moment of Clarity	2020	Colin Krisel	"\N"	"\N"
Anegan	2015	K.V. Anand	1966	2021
Delirium	2018	Lisa Clemens	"\N"	"\N"
Vengeance of the Phoenix Sisters	1968	Ko Chu	"\N"	"\N"
Mr. Weekend	2020	McKenzie Woodward	"\N"	"\N"
Unbridled	2018	Jota Linares	"\N"	"\N"
Picture Perfect Mysteries Picture Perfect Mysteries: Newlywed and Dead	2019	Marcy Holland	"\N"	"\N"
The Stunt Woman	1996	Man-Keung Chan	"\N"	"\N"
Le jardin des supplices	1976	Octave Mirbeau	1850	1917
The Promised Land	2019	Takahisa Zeze	1960	"\N"
The Mad Whale	2017	Max Newman	"\N"	"\N"
Diablo. The race for everything	2019	Michal Kasprzyk	"\N"	"\N"
Camelot	1967	T.H. White	1906	1964
Against the Sun	2014	Mark David Keegan	"\N"	"\N"
Get Mean	1975	Wolfe Lowenthal	"\N"	"\N"
The Land Before Time VI: The Secret of Saurus Rock	1998	John Loy	"\N"	"\N"
Executive Order	2020	Lázaro Ramos	1978	"\N"
Blindsided	2018	Brandon Tataryn	1985	"\N"
The Killer Is Loose	1956	Harold Medford	1911	1977
Der Turm der verbotenen Liebe	1968	Jean-Claude Eger	"\N"	"\N"
The Ancines Woods	1970	Juan Antonio Porto	1937	2021
Futurama: Bender's Big Score	2007	David X. Cohen	1966	"\N"
R.I.P.D.	2013	Peter M. Lenkov	1964	"\N"
Ghost Stories	2020	Niranjan Iyengar	"\N"	"\N"
Zookeeper	2011	Rock Reuben	"\N"	"\N"
Family Squares	2022	Brad Morris	1975	"\N"
Hacker: Trust No One	2021	Sam Mason-Bell	"\N"	"\N"
Point Break	2015	Rick King	"\N"	"\N"
Christmas Belle	2013	Joany Kane	"\N"	"\N"
June in January	2014	J.B. White	"\N"	"\N"
My Gal Sunday	2014	Mary Higgins Clark	1927	2020
Soorma	2018	Siva Ananth	1974	"\N"
Eating Raoul	1982	Richard Blackburn	"\N"	"\N"
Jacob	1994	Lionel Chetwynd	1940	"\N"
Billie Eilish: The World's a Little Blurry	2021	R.J. Cutler	1962	"\N"
Le mac	2010	Thomas Gilou	1955	"\N"
DC Super Hero Girls: Intergalactic Games	2017	Shea Fontana	"\N"	"\N"
Hollow Point	2019	Daniel Zirilli	"\N"	"\N"
Vedo nudo	1969	Ruggero Maccari	1919	1989
Charlie Chan and the Curse of the Dragon Queen	1981	Stan Burns	1923	2002
Big Trouble in Little China	1986	W.D. Richter	1945	"\N"
The Promised Land	2019	Shûichi Yoshida	"\N"	"\N"
The Binding	2020	Daniele Cosci	"\N"	"\N"
SuperBrother	2009	Åke Sandgren	1955	"\N"
Villain	2010	Shûichi Yoshida	"\N"	"\N"
Anegan	2015	Gautam Siddharth	"\N"	"\N"
The Trip	1967	Jack Nicholson	1937	"\N"
Silence	2016	Shûsaku Endô	1923	1996
My Best Friend's Bouquet	2020	Jenna Palermo	"\N"	"\N"
Weapon of Choice	2018	Fritz Ofner	"\N"	"\N"
Horus: Prince of the Sun	1968	Kazuo Fukazawa	"\N"	"\N"
Get Mean	1975	Lloyd Battista	1937	"\N"
Seven Swords	2005	Yusheng Liang	1924	2009
Attack Force	2006	Steven Seagal	1952	"\N"
Sator	2019	Jordan Graham	1986	"\N"
A View of Love	2010	Natalie Carter	1955	"\N"
Night Market Hero	2011	Tan-Ching Yeh	"\N"	"\N"
Beyond the Sky	2018	Marc Porterfield	1967	"\N"
Birds of a Feather 2	2018	Curtis Franklin	1975	"\N"
A Christmas Carol	1984	Roger O. Hirson	1926	2019
OSS 117: Lost in Rio	2009	Jean Bruce	1921	1963
I Declare War	2012	Jason Lapeyre	"\N"	"\N"
Campus Confidential	2013	Chia-Ying Lee	"\N"	"\N"
Here Is Your Life	1966	Jan Troell	1931	"\N"
Danger: Diabolik	1968	Dino Maiuri	1916	1984
Street Law	1974	Dino Maiuri	1916	1984
Chuck Lawson and the Night of the Invaders	2020	Daphne Bonner	"\N"	"\N"
Black Butterfly	2017	Hervé Korian	"\N"	"\N"
Bo Burnham: Make Happy	2016	Bo Burnham	1990	"\N"
Valley of the Zombies	1946	Dorrell McGowan	1899	1997
Vigilante Force	1976	George Armitage	1942	"\N"
Zombie Lake	1981	Julián Esteban	1953	"\N"
Intruder	1989	Lawrence Bender	1957	"\N"
Def by Temptation	1990	James Bond III	1969	"\N"
Hitman	1998	Hing-Ka Chan	"\N"	"\N"
Untraceable	2008	Allison Burnett	1958	"\N"
Return to the Wild: The Chris McCandless Story	2014	Jeanmarie Condon	"\N"	"\N"
Ocean's Eight	2018	Jack Golden Russell	"\N"	"\N"
Somebody's Xylophone	2016	Areno Inoue	1961	"\N"
Scrat: Spaced Out	2016	Aubrey Solomon	"\N"	"\N"
Parmanu: The Story of Pokhran	2018	Abhishek Sharma	1987	"\N"
The Road to Edmond	2018	David Trotter	"\N"	"\N"
Beers of Joy	2019	Scott Owen	"\N"	"\N"
The Echo of Thunder	1998	Libby Hathorn	1943	"\N"
Love Happens	2009	Brandon Camp	1971	"\N"
Deadly Code	2013	Gabriele Salvatores	1950	"\N"
An Honest Liar	2014	Justin Weinstein	"\N"	"\N"
Rain	2020	Janno Jürgens	1985	"\N"
The Hows of Us	2018	Cathy Garcia-Molina	"\N"	"\N"
Affair in Trinidad	1952	James Gunn	1920	1966
A Very Curious Girl	1969	Claude Makovski	1936	2020
A Star Is Born	1976	John Gregory Dunne	1932	2003
Amanda & the Alien	1995	Jon Kroll	"\N"	"\N"
Ji lian gou xian nai	1981	Fong Chen	"\N"	"\N"
Timecode	2000	Mike Figgis	1948	"\N"
This Filthy World	2006	John Waters	1946	"\N"
Dead Souls	2012	John Doolan	1984	"\N"
Superman: Unbound	2013	Gary Frank	1969	"\N"
Little Women	2019	Greta Gerwig	1983	"\N"
Remember	2015	Benjamin August	"\N"	"\N"
The Lost Arcade	2015	Irene Chin	"\N"	"\N"
Variety	1925	Ewald André Dupont	1891	1956
Affair in Trinidad	1952	Berne Giler	1908	1967
A Christmas Carol	1984	Charles Dickens	1812	1870
The Land Before Time VI: The Secret of Saurus Rock	1998	Tony Geiss	1924	2011
Nicholas Nickleby	2002	Charles Dickens	1812	1870
The Intern - A Summer of Lust	2019	Montiel	"\N"	"\N"
Fortress of War	2010	Igor Ugolnikov	1962	"\N"
Spectre	2015	Robert Wade	1962	"\N"
The Green Room	1978	Jean Gruault	1924	2015
Bernie	1996	Gilles Laurent	"\N"	"\N"
Seven Swords	2005	Hark Tsui	1950	"\N"
The Deep House	2021	Julien Maury	"\N"	"\N"
Mystery Team	2009	Dan Eckman	1984	"\N"
The Watch	2012	Seth Rogen	1982	"\N"
The Twilight Saga: Eclipse	2010	Stephenie Meyer	1973	"\N"
Loving Vincent	2017	Hugh Welchman	1975	"\N"
Mad Love	1935	Guy Endore	1900	1970
That Hamilton Woman	1941	Walter Reisch	1903	1983
Glory at Sea	1952	Ivan Goff	1910	1999
Twist of Fate	1954	Alford Van Ronkel	1908	1965
Doctor Dolittle	1967	Hugh Lofting	1886	1947
Get Mean	1975	Tony Anthony	1937	"\N"
Cut and Run	1984	Dardano Sacchetti	1944	"\N"
G.I. Joe: The Movie	1987	Buzz Dixon	"\N"	"\N"
Aurora Teagarden Mysteries Aurora Teagarden Mysteries: How to Con A Con	2021	Teena Booth	"\N"	"\N"
Hunt for the Labyrinth Killer	2013	Steven Palmer Peterson	"\N"	"\N"
Secretariat's Jockey: Ron Turcotte	2013	Phil Comeau	1956	"\N"
The Bridge Part 2	2016	Jamie Pachino	"\N"	"\N"
The Mad Whale	2017	Colleen O'Halloran	"\N"	"\N"
Oxygen	2021	Christie LeBlanc	"\N"	"\N"
Monster Family	2017	Catharina Junk	"\N"	"\N"
Aurora Teagarden Mysteries Reap What You Sew: An Aurora Teagarden Mystery	2018	Teena Booth	"\N"	"\N"
The Domain	2019	Tiago Guedes	1971	"\N"
The Domain	2019	Gilles Taurand	1943	"\N"
Airport	1970	George Seaton	1911	1979
G.I. Joe: The Movie	1987	Roger Slifer	1954	2015
Jacob	1994	Francesco Maria Nappi	"\N"	"\N"
I Confess	1953	George Tabori	1914	2007
Hatchet for the Honeymoon	1970	Santiago Moncada	1928	2018
Breakout	1975	Marc Norman	1941	"\N"
Frontier(s)	2007	Xavier Gens	1975	"\N"
25, 000 Miles to Glory	2015	Rhett Grametbauer	"\N"	"\N"
1/2 New Year	2019	Drew McAnany	"\N"	"\N"
Knights of the Damned	2017	Ben Loyd-Holmes	1981	"\N"
Paranoia	1969	Ugo Moretti	1917	1991
Pearl Harbor	2001	Randall Wallace	1949	"\N"
The Ides of March	2011	Grant Heslov	1963	"\N"
Planet Single	2016	Mitja Okorn	1981	"\N"
Ocean's Eight	2018	George Clayton Johnson	1929	2015
The Hows of Us	2018	Gilliann Ebreo	"\N"	"\N"
Backbeat	1994	Stephen Ward	"\N"	"\N"
The Girl from Pussycat	1969	Roman Hans	"\N"	"\N"
Peacock	2010	Ryan O Roy	"\N"	"\N"
Messengers 2: The Scarecrow	2009	Todd Farmer	1968	"\N"
Homeroom	2021	Peter Nicks	"\N"	"\N"
Assassins Tale	2013	Guy Garner	"\N"	"\N"
Captive	2015	Ashley Smith	"\N"	"\N"
Campus Confidential	2013	Chao-Bin Su	"\N"	"\N"
The Eternal Road	2017	Tom Abrams	"\N"	"\N"
Sumurun	1920	Friedrich Freksa	1882	1955
For a Few Dollars More	1965	Luciano Vincenzoni	1926	2013
The Dove	1974	Peter S. Beagle	1939	"\N"
The Demon's Waltz	2021	Ryan Callaway	"\N"	"\N"
DC Showcase: Blue Beetle	2021	Steve Ditko	1927	2018
The Dark Tower	2017	Nikolaj Arcel	1972	"\N"
Endgame	2015	Carmen Marrón	"\N"	"\N"
Everyday Rebellion	2013	Arash T. Riahi	1972	"\N"
Apex: The Story of the Hypercar	2016	Mike Spinelli	"\N"	"\N"
The Racer	2020	Kieron J. Walsh	1969	"\N"
City Hunter	2018	Pierre Dudan	"\N"	"\N"
Happy Birthday Hannah	2018	Matthew I. Schmidt	"\N"	"\N"
The Ancines Woods	1970	Pedro Olea	1938	"\N"
Dreamscape	1984	Chuck Russell	1958	"\N"
Real Genius	1985	Pat Proft	1947	"\N"
Endless Love	2014	Shana Feste	1976	"\N"
Nana	1926	Pierre Lestringuez	1889	1950
Drums Along the Mohawk	1939	Lamar Trotti	1900	1952
Mother Wore Tights	1947	Lamar Trotti	1900	1952
Real Life	1979	Albert Brooks	1947	"\N"
Carolina	2003	Katherine Fugate	1962	"\N"
Ghost Stories	2020	Zoya Akhtar	1972	"\N"
Snow Buddies	2008	Phil Hanley	"\N"	"\N"
This Is Where I Leave You	2014	Jonathan Tropper	1970	"\N"
Le mac	2010	Vincent Lambert	"\N"	"\N"
Skateboard or Die	2018	Dirk Foulger	"\N"	"\N"
Gully Boy	2019	Zoya Akhtar	1972	"\N"
Unbridled	2017	Bonné Bartron	"\N"	"\N"
Garage Sale Mysteries Garage Sale Mystery: The Mask Murder	2018	Suzi Weinert	"\N"	"\N"
Night Nurse	1931	Grace Perkins	1900	1955
I Cover the Waterfront	1933	Jack Jevne	1892	1972
Winter adu00e9	1989	Helke Misselwitz	1947	"\N"
Nowhere to Run	1993	Joe Eszterhas	1944	"\N"
The Vigil	2019	Keith Thomas	"\N"	"\N"
Kelet	2020	Susani Mahadura	"\N"	"\N"
Terror in Woods Creek	2017	Tracy Lee Staton	"\N"	"\N"
The Second Act of Elliott Murphy	2015	Jorge Arenillas	"\N"	"\N"
Garantu00eda personal	2016	Rodrigo Rivas	1978	"\N"
Neon Bull	2015	Gabriel Mascaro	1983	"\N"
Lego DC Super Heroes: Justice League - Attack of the Legion of Doom!	2015	Joe Shuster	1914	1992
DC Super Hero Girls: Intergalactic Games	2017	Joe Shuster	1914	1992
Hog Wild	1930	H.M. Walker	1878	1937
Real Life	1979	Harry Shearer	1943	"\N"
Fortress of War	2010	Aleksey Dudarev	1950	2023
A View of Love	2010	Frédéric Bélier-Garcia	1965	"\N"
Diablo. The race for everything	2019	Michal Otlowski	1975	"\N"
Crooklyn	1994	Spike Lee	1957	"\N"
Evoscarion: 2.0 You Can (Not) Advance	2009	Shinji Higuchi	1965	"\N"
Mookuthi Amman	2020	K.N. Vijay Kumar	"\N"	"\N"
3000 Nights	2015	Mai Masri	"\N"	"\N"
Zindagi Kitni Haseen Hay	2016	Abdul Khaliq Khan	"\N"	"\N"
These Three	1936	Lillian Hellman	1905	1984
The Dreaming	1988	Craig Lahiff	1947	2014
Intimate Affairs	2001	Michael Henry Wilson	1946	2014
The Phantom of the Opera	2004	Andrew Lloyd Webber	1948	"\N"
Today You Die	2005	Kevin Moore	"\N"	"\N"
Hell and Back	2015	Hugh Sterbakov	"\N"	"\N"
88	2015	April Mullen	"\N"	"\N"
Othello	2016	William Shakespeare	1564	1616
Falchi: Falcons Special Squad	2017	Giorgio Caruso	"\N"	"\N"
Lake Michigan Monster	2018	Ryland Brickson Cole Tews	"\N"	"\N"
Lovecut	2020	Johanna Lietha	"\N"	"\N"
Pluto's Purchase	1948	Bill de la Torre	"\N"	"\N"
The Lords of Flatbush	1974	Sylvester Stallone	1946	"\N"
First Blood	1982	Sylvester Stallone	1946	"\N"
Homeboy	1988	Mickey Rourke	1952	"\N"
The Lake House	2006	Ji Na Yeo	"\N"	"\N"
The Congress	2013	Ari Folman	1962	"\N"
Getaway	2013	Gregg Maxwell Parker	"\N"	"\N"
Lego Scooby-Doo!: Haunted Hollywood	2016	Duane Capizzi	"\N"	"\N"
Ring of Bright Water	1969	Jack Couffer	1924	2021
The Game of Their Lives	2005	Angelo Pizzo	"\N"	"\N"
Entertainment	2015	Gregg Turkington	1967	"\N"
Lego Scooby-Doo!: Haunted Hollywood	2016	William Hanna	1910	2001
Parmanu: The Story of Pokhran	2018	Sanyuktha Chawla Shaikh	"\N"	"\N"
Vampires vs. the Bronx	2020	Blaise Hemingway	1977	"\N"
Eva	1948	Gustaf Molander	1888	1973
The Small One	1978	Peter Young	1948	1985
The Last Emperor	1987	Mark Peploe	1943	"\N"
Funny Games	1997	Michael Haneke	1942	"\N"
Viceroy's House	2017	Gurinder Chadha	1960	"\N"
Rush	1991	Kim Wozencraft	"\N"	"\N"
Africa: The Serengeti	1994	Mose Richards	"\N"	"\N"
Prey of the Jaguar	1996	Bud Robertson	"\N"	"\N"
Spellbound	2003	Rob Greenberg	"\N"	"\N"
Gabriel	2007	Matt Hylton Todd	"\N"	"\N"
Extremely Analytical	2021	Janet Roth	"\N"	"\N"
Spectre	2015	Neal Purvis	1961	"\N"
Return to the Wild: The Chris McCandless Story	2014	Ann Johnson Prum	"\N"	"\N"
The Body Snatcher	1945	Robert Louis Stevenson	1850	1894
Affair in Trinidad	1952	Virginia Van Upp	1902	1970
The Binding	2020	Davide Orsini	"\N"	"\N"
Sarah Cooper: Everything's Fine	2020	Jake Fogelnest	1979	"\N"
Dark Places	2015	Gilles Paquet-Brenner	1974	"\N"
Flight from Hell	2014	Vincent Zhou	"\N"	"\N"
The Last Hunt	1956	Richard Brooks	1912	1992
Set Secrets	2022	Jerard McKinzie	"\N"	"\N"
Backgammon	2015	Francisco Orvañanos	"\N"	"\N"
Entertainment	2015	Tim Heidecker	1976	"\N"
The Dancing Dogs of Dombrova	2018	Zack Bernbaum	"\N"	"\N"
Appiness	2018	Eli Batalion	"\N"	"\N"
Sye Raa Narasimha Reddy	2019	Surender Reddy	1975	"\N"
T11 Incomplete	2020	Suzanne Guacci	"\N"	"\N"
Cinderella: The Enchanted Beginning	2018	Jessica Gomez Lopez	"\N"	"\N"
The Verdict	1982	David Mamet	1947	"\N"
Wu ye li ren	1986	Stephen Shiu	"\N"	"\N"
Bull Durham	1988	Ron Shelton	1945	"\N"
Journey to the Center of the Earth	1988	Judith Berg	"\N"	"\N"
Blue Chips	1994	Ron Shelton	1945	"\N"
The Great White Hype	1996	Ron Shelton	1945	"\N"
The Room	1992	Sion Sono	1961	"\N"
Asylum: Twisted Horror and Fantasy Tales	2020	Caye Casas	"\N"	"\N"
Beers of Joy	2019	David Swift	"\N"	"\N"
Trouble Brewing	1939	Michael Hogan	1893	1977
The Dove	1974	Robin Lee Graham	1949	"\N"
Fingers	1978	James Toback	1944	"\N"
Tourist Trap	1979	J. Larry Carroll	1946	"\N"
The Lake House	2006	David Auburn	1969	"\N"
Cute Devil	2018	Machiko Nasu	1952	"\N"
Cave of Forgotten Dreams	2010	Werner Herzog	1942	"\N"
The Oxbow Cure	2013	Calvin Thomas	1986	"\N"
The Anthem of the Heart	2017	Yukiko Manabe	"\N"	"\N"
Seeding of a Ghost	1983	Kamber Huang	"\N"	"\N"
Hitman	1998	Vincent Kok	1965	"\N"
Scooby-Doo! Mask of the Blue Falcon	2012	Marly Halpern-Graser	"\N"	"\N"
June in January	2014	Jean Abounader	"\N"	"\N"
Broken Star	2018	David Brant	"\N"	"\N"
Outrage Coda	2017	Takeshi Kitano	1947	"\N"
Percy Jackson & the Olympians: The Lightning Thief	2010	Rick Riordan	1964	"\N"
Macho: The Hector Camacho Story	2020	Aaron Cohen	"\N"	"\N"
Mowgli: Legend of the Jungle	2018	Rudyard Kipling	1865	1936
Viceroy's House	2017	Paul Mayeda Berges	1968	"\N"
The World's Greatest Athlete	1973	Gerald Gardner	1929	2020
Day of the Warrior	1996	Andy Sidaris	1931	2007
The Assignment	1997	Sabi H. Shabtai	"\N"	"\N"
Assassins Tale	2013	Arthur Louis Fuller	"\N"	"\N"
The Lears	2017	Carl Bessai	"\N"	"\N"
Asylum: Twisted Horror and Fantasy Tales	2020	Vincent Cloutier	"\N"	"\N"
A Timeless Christmas	2020	Ron Oliver	"\N"	"\N"
The Oxbow Cure	2013	Yonah Lewis	1986	"\N"
Red Beard	1965	Akira Kurosawa	1910	1998
Dreams	1990	Akira Kurosawa	1910	1998
Breakaway	2011	Jeff Schechter	"\N"	"\N"
The Road to Edmond	2018	Tripp Fuller	"\N"	"\N"
Moontide	1942	Willard Robertson	1886	1948
The Earrings of Madame De...	1953	Max Ophüls	1902	1957
Punishment Island	1966	Shintarô Ishihara	1932	2022
The Wedding Party	1969	Brian De Palma	1940	"\N"
Saturn 3	1980	Martin Amis	1949	2023
Mystic Pizza	1988	Alfred Uhry	1936	"\N"
Neha	1991	Ondrej Sulaj	1949	"\N"
Inflatable Sex Doll of the Wastelands	1967	Atsushi Yamatoya	1936	1993
A Guy Thing	2003	Pete Schwaba	"\N"	"\N"
Laws of Attraction	2004	Robert Harling	1951	"\N"
An Honest Liar	2014	Greg O'Toole	"\N"	"\N"
A Star Is Born	1976	Frank Pierson	1925	2012
R.O.T.O.R.	1987	Budd Lewis	1948	2014
Desperate Teenage Lovedolls	1984	David Markey	1963	"\N"
Breakdown Forest - Reise in den Abgrund	2019	Patrick Roy Beckert	"\N"	"\N"
Drain the Sunken Pirate City	2017	Sophie Elwin-Harris	"\N"	"\N"
Sleeping Dogs	1977	Ian Mune	1941	"\N"
D.A.R.Y.L.	1985	Jeffrey Ellis	"\N"	"\N"
The Patriot	2000	Robert Rodat	1953	"\N"
Pick A Side	2021	Edward Calvin Green	"\N"	"\N"
Spring Awakening: Those You've Known	2022	Steven Sater	"\N"	"\N"
Justice League: War	2014	Jim Lee	1964	"\N"
Piranhas	2019	Claudio Giovannesi	1978	"\N"
Melody Time	1948	Homer Brightman	1901	1988
Hocus Pocus	1993	Mick Garris	1951	"\N"
Bert Stern: Original Madman	2011	Shannah Laumeister Stern	1969	"\N"
Taking a Shot at Love	2021	Laura Grant	"\N"	"\N"
Truth and Justice	2019	Tanel Toom	1982	"\N"
Comrades of 1918	1930	Ladislaus Vajda	1877	1933
The Barber Shop	1933	W.C. Fields	1880	1946
Black Mama White Mama	1973	Joe Viola	"\N"	"\N"
The House in Nightmare Park	1973	Clive Exton	1930	2007
Rugrats in Paris	2000	David N. Weiss	"\N"	"\N"
Unknown	2011	Stephen Cornwell	"\N"	"\N"
Cutterhead	2018	Rasmus Kloster Bro	"\N"	"\N"
Black	2005	Prakash Kapadia	"\N"	"\N"
The Accidental Husband	2008	Clare Naylor	"\N"	"\N"
Mother's Love	2022	Cristóbal Garrido	"\N"	"\N"
Cash on Demand	1961	David T. Chantler	1925	2012
Once Bitten	1985	Jonathan Roberts	"\N"	"\N"
Unnatural Causes	2008	Jacques Haitkin	1950	2023
A Timeless Christmas	2020	Duane Poole	1948	2023
American Maniacs	2012	Trent Haaga	"\N"	"\N"
The Queen of Spades	2016	Pavel Lungin	1949	"\N"
Endless Love	2014	Joshua Safran	"\N"	"\N"
Transition	2018	Matt Taylor	"\N"	"\N"
An Uncommon Grace	2017	David Golden	"\N"	"\N"
City Hunter	2018	Philippe Lacheau	1980	"\N"
Broadway Love	1918	Ida May Park	1879	1954
Deception	1920	Norbert Falk	1872	1932
Monsieur Hulot's Holiday	1953	Pierre Aubert	"\N"	"\N"
The Tin Drum	1979	Franz Seitz	1921	2006
Isolation	2021	Larry Fessenden	1963	"\N"
My Next Challenge	2020	Toluwa Fayemi	"\N"	"\N"
First Christmas	2020	Rasheeda Garner	"\N"	"\N"
Zeroville	2019	Paul Felten	"\N"	"\N"
The Eternal Road	2017	Antti-Jussi Annila	1977	"\N"
Raaz Reboot	2016	Girish Dhamija	"\N"	"\N"
Radium Girls	2018	Ginny Mohler	"\N"	"\N"
The Wedding Party	1969	Wilford Leach	1929	1988
Pocahontas 2: Journey to a New World (1998) (V)	1998	Flip Kobler	"\N"	"\N"
The Shopaholics	2006	Ka-Fai Wai	1962	"\N"
The Watch	2012	Jared Stern	"\N"	"\N"
A Warrior's Heart	2011	Martin Dugard	"\N"	"\N"
Aurora Teagarden Mysteries Aurora Teagarden Mysteries: How to Con A Con	2021	Charlaine Harris	1951	"\N"
Lovers of Hate	2010	Bryan Poyser	"\N"	"\N"
China Salesman	2017	Tan Bing	"\N"	"\N"
Aurora Teagarden Mysteries Reap What You Sew: An Aurora Teagarden Mystery	2018	Charlaine Harris	1951	"\N"
The Lunatics	1986	Tung-Shing Yee	1957	"\N"
Bottle Shock	2008	Lannette Pabon	"\N"	"\N"
I Could Go on Singing	1963	Robert Dozier	1930	2012
A Man Called Sledge	1970	Frank Kowalski	1898	1976
Sweater Girls	1978	Don Jones	1938	2021
Hocus Pocus	1993	Neil Cuthbert	1951	"\N"
The City of Lost Children	1995	Gilles Adrien	"\N"	"\N"
Sensitive New Age Killer	2000	David Richardson	"\N"	"\N"
The Intern - A Summer of Lust	2019	Erika Lust	"\N"	"\N"
The Butler	2013	Danny Strong	1974	"\N"
Alice in Marialand	2014	Rafael Gaytán	"\N"	"\N"
Death of a Salesman	1985	Arthur Miller	1915	2005
Gods and Generals	2003	Ron Maxwell	1949	"\N"
Everyone's Going to Die	2013	Jones	"\N"	"\N"
10 Cent Pistol	2014	Michael C. Martin	"\N"	"\N"
The Beauty Inside	2015	Jeong-ye Park	"\N"	"\N"
Summerland	2020	Jessica Swale	"\N"	"\N"
Amish Abduction	2019	Eric Weinstock	"\N"	"\N"
Melody Time	1948	Erdman Penner	1905	1956
To Catch a Thief	1955	David Dodge	1910	1974
The Dunwich Horror	1970	Henry Rosenbaum	"\N"	"\N"
The Dove	1974	Adam Kennedy	1922	1997
Until the End of the World	1991	Michael Almereyda	1959	"\N"
Because of Winn-Dixie	2005	Kate DiCamillo	1964	"\N"
Circumstances 2: The Chase	2020	Sareta Cheathem	"\N"	"\N"
Raaz Reboot	2016	Vikram Bhatt	1969	"\N"
Real Genius	1985	Neal Israel	1945	"\N"
84 Charing Cross Road	1987	Hugh Whitemore	1936	2018
Morning Show Mysteries Morning Show Mysteries: Death by Design	2019	Al Roker	1954	"\N"
Agoraphobia	2015	Lou Simon	"\N"	"\N"
Blindsided	2018	Johnny Mitchell	"\N"	"\N"
Mazes and Monsters	1982	Rona Jaffe	1931	2005
Gabriel	2007	Shane Abbess	"\N"	"\N"
Blame	2017	Laurie Shephard	"\N"	"\N"
The Hows of Us	2018	Carmi Raymundo	"\N"	"\N"
Falling for Grace	2006	Fay Ann Lee	"\N"	"\N"
Love Happens	2009	Mike Thompson	1969	"\N"
Samurai Cop 2: Deadly Vengeance	2015	Gregory Hatanaka	"\N"	"\N"
City of Women	1980	Federico Fellini	1920	1993
Liar Liar	1997	Stephen Mazur	"\N"	"\N"
The Deep House	2021	Rachel Parker	"\N"	"\N"
She Has a Name	2016	Andrew Kooman	"\N"	"\N"
Radium Girls	2018	Brittany Shaw	"\N"	"\N"
Love at First Glance	2017	Kathy Kloves	"\N"	"\N"
Mad Love	1935	Maurice Renard	1875	1939
Heroes of Fort Worth	1965	Eduardo Manzanos	1919	1987
Mystic Pizza	1988	Randy Howze	"\N"	"\N"
Life Is Beautiful	1997	Vincenzo Cerami	1940	2013
Unnatural Causes	2008	Robert Malenfant	"\N"	"\N"
Asylum: Twisted Horror and Fantasy Tales	2020	Mauro Croche	"\N"	"\N"
Hacker: Trust No One	2021	Bobby K. Richardson	"\N"	"\N"
A Birder's Guide to Everything	2013	Luke Matheny	1976	"\N"
Scrat: Spaced Out	2016	Yoni Brenner	"\N"	"\N"
The Ghost Who Walks	2019	Ben Bostick	"\N"	"\N"
Nature of Love	2020	Uma Incrocci	"\N"	"\N"
The Lake House	2006	Eun-Jeong Kim	1967	"\N"
Point Break	2015	W. Peter Iliff	1957	"\N"
Dead Souls	2012	Michael Laimo	"\N"	"\N"
An Honest Liar	2014	Tyler Measom	"\N"	"\N"
Dark Places	2015	Gillian Flynn	1971	"\N"
Onna no ana	2014	Fumiko Fumi	"\N"	"\N"
La Bolduc	2018	Benjamin Alix	"\N"	"\N"
The Haunted Castle	1921	Carl Mayer	1894	1944
The True Story of Jesse James	1957	Nunnally Johnson	1897	1977
The Price of Sin	1966	Walter Matthias Diggelmann	1927	1979
Christiane F.	1981	Herman Weigel	1950	"\N"
Sexmission	1984	Jolanta Hartwig	"\N"	"\N"
King Size	1988	Jolanta Hartwig	"\N"	"\N"
The Mighty Quinn	1989	Hampton Fancher	1938	"\N"
Traffic	2000	Stephen Gaghan	1965	"\N"
Beerfest	2006	Paul Soter	1969	"\N"
Gully Boy	2019	Vijay Maurya	1972	"\N"
Antes de que nos olviden	2013	Tamara Florin	"\N"	"\N"
Innocent Curse	2017	Brazily Anne Yamada	"\N"	"\N"
Penguin Rescue	2018	Evan Tramel	"\N"	"\N"
Cinderella: The Enchanted Beginning	2018	Steven Salgado	"\N"	"\N"
Screams of a Winter Night	1979	Richard H. Wadsack	"\N"	"\N"
Once Bitten	1985	Jeffrey Hause	"\N"	"\N"
Nicholas Nickleby	2002	Douglas McGrath	1958	2022
The Possession of Michael King	2014	David Jung	"\N"	"\N"
Alice in Marialand	2014	Jesús Magaña Vázquez	"\N"	"\N"
Untamed Woman	1957	Shusei Tokuda	"\N"	"\N"
Reflections in a Golden Eye	1967	Carson McCullers	1917	1967
Wait Until Dark	1967	Frederick Knott	1916	2002
The Dunwich Horror	1970	H.P. Lovecraft	1890	1937
Comes a Horseman	1978	Dennis Lynton Clark	1939	2020
The Unnamable	1988	H.P. Lovecraft	1890	1937
Rosencrantz & Guildenstern Are Dead	1990	Tom Stoppard	1937	"\N"
Lurking Fear	1994	H.P. Lovecraft	1890	1937
L.A. Wars	1994	Addison Randall	1949	"\N"
A Sound of Thunder	2005	Joshua Oppenheimer	"\N"	"\N"
Bottle Shock	2008	Jody Savin	"\N"	"\N"
CBGB	2013	Jody Savin	"\N"	"\N"
Spectre	2015	John Logan	1961	"\N"
88	2015	Tim Doiron	1979	"\N"
Making Out	2016	Henrique Couto	1986	"\N"
Double Trouble	1992	Jeffrey Kerns	"\N"	"\N"
Croupier	1998	Paul Mayersberg	1941	"\N"
Bottle Shock	2008	Randall Miller	"\N"	"\N"
Peacock	2010	Michael Lander	"\N"	"\N"
Sidewalls	2011	Gustavo Taretto	1965	"\N"
Blue	2021	Keisuke Yoshida	1975	"\N"
MacGruber	2010	Jorma Taccone	1977	"\N"
CBGB	2013	Randall Miller	"\N"	"\N"
The Outcasts	2017	Dominique Ferrari	"\N"	"\N"
Beyond the Sky	2018	Fulvio Sestito	1980	"\N"
Charming Christmas	2015	Karen McClellan	"\N"	"\N"
The Post	2017	Josh Singer	"\N"	"\N"
Intentions of Murder	1964	Shôhei Imamura	1926	2006
For a Few Dollars More	1965	Fulvio Morsella	"\N"	2002
Mazes and Monsters	1982	Tom Lazarus	1942	"\N"
Young Sherlock Holmes	1985	Arthur Conan Doyle	1859	1930
The Couch Trip	1988	William Porter	1947	2019
The Accidental Husband	2008	Mimi Hare	"\N"	"\N"
Snow Buddies	2008	Robert Vince	"\N"	"\N"
Hostage: Missing Celebrity	2021	Pil Gam-Sung	1977	"\N"
Treasure Buddies	2012	Robert Vince	"\N"	"\N"
When a Wolf Falls in Love with a Sheep	2012	Chi-jan Hou	1973	"\N"
Paris Frills	1945	Maurice Aubergé	1910	1974
The Devil and Holy Water	1983	Mario Amendola	1910	1993
Beerfest	2006	Steve Lemme	1968	"\N"
Miracle Fishing: Kidnapped Abroad	2020	Christopher Birge	1972	"\N"
Buckskin	2021	Brett Bentman	"\N"	"\N"
Clash	2009	Johnny Tri Nguyen	1974	"\N"
Irrational Man	2015	Woody Allen	1935	"\N"
My Brilliant Life	2014	Je-yong Lee	1965	"\N"
The Earrings of Madame De...	1953	Louise de Vilmorin	1902	1969
In Search of Darkness: Part II	2020	David A. Weiner	"\N"	"\N"
Tomboy	2011	Céline Sciamma	1978	"\N"
The Haunted House on Kirby Road	2016	Adam Rodness	1983	"\N"
Scarecrows	2017	Adam Rodness	1983	"\N"
Phantom Detective	2016	Sung-hee Jo	"\N"	"\N"
Parmanu: The Story of Pokhran	2018	Saiwyn Quadras	"\N"	"\N"
Dark Light	2019	Padraig Reynolds	"\N"	"\N"
How to Deter a Robber	2020	Maria Bissell	"\N"	"\N"
The Graduate	1967	Charles Webb	1939	2020
The Tin Drum	1979	Jean-Claude Carrière	1931	2021
The Santa Clause	1994	Steve Rudnick	"\N"	"\N"
Snow Buddies	2008	Kevin DiCicco	"\N"	"\N"
Isolation	2021	Zack Andrews	"\N"	"\N"
Treasure Buddies	2012	Kevin DiCicco	"\N"	"\N"
The Gunman	2015	Sean Penn	1960	"\N"
Superman: Unbound	2013	Jerry Siegel	1914	1996
Justice League: War	2014	Jerry Siegel	1914	1996
Lego DC Super Heroes: Justice League - Attack of the Legion of Doom!	2015	Jerry Siegel	1914	1996
The Anthem of the Heart	2017	Mari Okada	"\N"	"\N"
DC Super Hero Girls: Intergalactic Games	2017	Jerry Siegel	1914	1996
The Price of Sin	1966	David Wechsler	1918	1990
Uninvited	1987	Greydon Clark	1943	"\N"
Bill & Ted's Excellent Adventure	1989	Ed Solomon	1960	"\N"
Holy Rollers	2010	Antonio Macia	"\N"	"\N"
The Day After Quarantine	2021	Chinedu Ernesto	1977	"\N"
Rose Plays Julie	2019	Joe Lawlor	"\N"	"\N"
The Hunchback of Notre Dame	1939	Victor Hugo	1802	1885
Homeroom	2021	Sean Havey	"\N"	"\N"
Lego Scooby-Doo! Blowout Beach Bash	2017	Emily Brundige	1986	"\N"
Exodus	2021	Andrew Arcos	"\N"	"\N"
NTR Kathanayakudu	2019	Radha Krishna Jagarlamudi	1978	"\N"
Paris Does Strange Things	1956	Jean Renoir	1894	1979
The Mole People	1956	László Görög	1903	1997
The Tall Blond Man with One Black Shoe	1972	Francis Veber	1937	"\N"
Journey to the Center of the Earth	1988	Sandra Berg	"\N"	"\N"
A Lonely Place to Die	2011	Will Gilbey	1979	"\N"
A View of Love	2010	Jacques Fieschi	1948	"\N"
Beauty and the Beast	2014	Christophe Gans	1960	"\N"
The Son of Joseph	2016	Eugène Green	1947	"\N"
Up to His Ears	1965	Jules Verne	1828	1905
The Couch Trip	1988	Ken Kolb	1926	2016
Untraceable	2008	Robert Fyvolent	"\N"	"\N"
Anything Is Possible: A Serge Ibaka Story	2019	Christian J. Cote	"\N"	"\N"
Forsaken	2018	Alexander Karpov	"\N"	"\N"
Eat Brains Love	2019	David Strauss	"\N"	"\N"
Murders in the Rue Morgue	1971	Edgar Allan Poe	1809	1849
Meantime	1983	Mike Leigh	1943	"\N"
Life Is Sweet	1990	Mike Leigh	1943	"\N"
The Masque of the Red Death	1989	Edgar Allan Poe	1809	1849
Seeking Temporary Wife	2003	Mikael Bengtsson	"\N"	"\N"
Beerfest	2006	Kevin Heffernan	1968	"\N"
Mystery Team	2009	Donald Glover	1983	"\N"
The Good Neighbor	2016	Jeff Richard	"\N"	"\N"
Little Women	2019	Louisa May Alcott	1832	1888
Sniper: Special Ops	2016	Fred Olen Ray	1954	"\N"
Scuola di ladri	1986	Giuseppe Moccia	1933	2006
Joe Versus the Volcano	1990	John Patrick Shanley	1950	"\N"
Executive Order	2020	Aldri Anunciação	1977	"\N"
My Brilliant Life	2014	Aeran Kim	"\N"	"\N"
Too Far Away	2019	Susanne Finken	"\N"	"\N"
Trouble Brewing	1939	Anthony Kimmins	1901	1964
Christiane F.	1981	Horst Rieck	"\N"	"\N"
Star Trek IV: The Voyage Home	1986	Leonard Nimoy	1931	2015
The Dreaming	1988	Stephanie McCarthy	"\N"	"\N"
City of Industry	1997	Ken Solarz	1953	"\N"
G.I. Jane	1997	David Twohy	1955	"\N"
Beerfest	2006	Jay Chandrasekhar	1968	"\N"
The Ten	2007	David Wain	1969	"\N"
Cherry	2021	Jessica Goldberg	"\N"	"\N"
Dancing Pirate	1936	Ray Harris	1884	1971
Mother Wore Tights	1947	Miriam Young	1913	1974
Lesson of a Dead Language	1979	Janusz Majewski	1931	"\N"
Cantonen Iron Kung Foo	1979	Chiu Lee	"\N"	"\N"
The Great Debaters	2007	Jeffrey Porro	"\N"	"\N"
Underworld: Rise of the Lycans	2009	Howard McCain	"\N"	"\N"
Hachi: A Dog's Tale	2009	Kaneto Shindô	1912	2012
Othello	2016	David Serero	"\N"	"\N"
The Lords of Flatbush	1974	Stephen Verona	1940	2019
Indochine	1992	Régis Wargnier	1948	"\N"
The Plane	2005	Raphaëlle Desplechin	"\N"	"\N"
The Devil's Double	2011	Emjay Rechsteiner	1964	"\N"
The Damned Thing	2014	Derrick Granado	"\N"	"\N"
Sex Thief	1973	Tudor Gates	1930	2007
The Contract	1978	Michael Hui	1942	"\N"
Zombie Lake	1981	Jesús Franco	1930	2013
Bride's Revenge	1985	Jesús Franco	1930	2013
Hell Bank Presents: Running Ghost	2020	Choi Wong	"\N"	"\N"
Eye in the Sky	2015	Guy Hibbert	1950	"\N"
Wedding Planner Mystery	2014	Darcy Meyers	"\N"	"\N"
Frackman	2015	Sarah Rossetti	"\N"	"\N"
Belzebuth	2017	Emilio Portes	"\N"	"\N"
The Big Lebowski	1998	Ethan Coen	1957	"\N"
Nadhoo Khan	2019	Sukhjinder Singh Babbal	"\N"	"\N"
The Legend of Goemon	2009	Kazuaki Kiriya	1968	"\N"
Mystery Team	2009	Dominic Dierkes	1984	"\N"
Shark Night	2011	Will Hayes	"\N"	"\N"
Embrace of the Vampire	2013	Sheldon Roper	"\N"	"\N"
Female Fight Squad	2016	Anastazja Davis	"\N"	"\N"
Sye Raa Narasimha Reddy	2019	Paruchuri Venkateswara Rao	"\N"	"\N"
Space	2020	Monte Light	"\N"	"\N"
The World's Greatest Athlete	1973	Dee Caruso	1929	2012
Real Life	1979	Monica Mcgowan Johnson	1946	2010
Seeking Temporary Wife	2003	Lisa Ohlin	1960	"\N"
The Texas Chainsaw Massacre: The Beginning	2006	David J. Schow	1955	"\N"
3 Times a Charm	2011	Letia Clouston	"\N"	"\N"
Time Sleeper	2020	Bisong Taiwo	"\N"	"\N"
The 400 Blows	1959	Marcel Moussy	1924	1995
Desperate Teenage Lovedolls	1984	Jennifer Schwartz	"\N"	"\N"
A Guy Thing	2003	Greg Glienna	1963	"\N"
Seven Swords	2005	Tin-Nam Chun	"\N"	"\N"
Tycoon's Interpreter	2006	Elena Hazanova	1977	"\N"
Lupin the 3rd: Napoleon's Dictionary	1991	Hiroshi Kashiwabara	"\N"	"\N"
Bats	2021	Scott Chambers	"\N"	"\N"
Firstness	2021	Brielle Brilliant	"\N"	"\N"
Toryboy the Movie	2010	John Walsh	"\N"	"\N"
A Deadly Obsession	2012	Adam Scott Weissman	"\N"	"\N"
The Ides of March	2011	Beau Willimon	"\N"	"\N"
The Outcasts	2017	Suzanne Wrubel	"\N"	"\N"
Female Fight Squad	2016	Miguel Angel Ferrer	"\N"	"\N"
Lego Scooby-Doo! Blowout Beach Bash	2017	Aaron Preacher	"\N"	"\N"
Exodus	2021	Logan Stone	"\N"	"\N"
The Snows of Kilimanjaro	1952	Casey Robinson	1903	1979
I Wanna Hold Your Hand	1978	Robert Zemeckis	1952	"\N"
City of Women	1980	Brunello Rondi	1924	1989
Eating Raoul	1982	Paul Bartel	1938	2000
Gladiator	1992	Djordje Milicevic	1942	"\N"
Unlocked	2017	Peter O'Brien	"\N"	"\N"
The Earrings of Madame De...	1953	Marcel Achard	1899	1974
Until the End of the World	1991	Wim Wenders	1945	"\N"
Gray's Anatomy	1996	Spalding Gray	1941	2004
Paper Spiders	2020	Inon Shampanier	"\N"	"\N"
Dancing Pirate	1936	Boris Ingster	1903	1978
A Very Curious Girl	1969	Michel Fabre	"\N"	"\N"
The Holy Mountain	1973	Alejandro Jodorowsky	1929	"\N"
Kiss or Kill	1997	Bill Bennett	1953	"\N"
Seven Swords	2005	Chi-Sing Cheung	"\N"	"\N"
Snatchers	2019	Benji Kleiman	"\N"	"\N"
Paiyaa	2010	Brindha Sarathy	"\N"	"\N"
The Devil's Rock	2011	Brett Ihaka	"\N"	"\N"
My Gal Sunday	2014	Howard Burkons	"\N"	"\N"
Glory at Sea	1952	Hugh Hastings	1917	2004
G.I. Jane	1997	Danielle Alexandra	"\N"	"\N"
9/11: Minute by Minute	2021	Piers Garland	"\N"	"\N"
VS.	2018	Ed Lilly	"\N"	"\N"
Viceroy's House	2017	Moira Buffini	1965	"\N"
Heartfall Arises	2016	Ken Wu	"\N"	"\N"
Affair in Trinidad	1952	Oscar Saul	1912	1994
When Love Is Lust	1973	Vittorio De Sisti	1940	2006
The Last Musketeer	2000	Sebastian Secker-Walker	1962	"\N"
Fortress of War	2010	Vladimir Eryomin	1950	"\N"
The Next Kill	2018	Mike McCutchen	1986	"\N"
The Last Emperor	1987	Enzo Ungari	1948	1985
Robin Hood	1991	Sam Resnick	"\N"	"\N"
High Roller: The Stu Ungar Story	2003	A.W. Vidmer	"\N"	"\N"
Silent Rain	2019	Natsu Miyashita	"\N"	"\N"
The Day After Quarantine	2021	Myron Jewell	"\N"	"\N"
Pad Man	2018	Swanand Kirkire	1970	"\N"
Joan the Maid 2: The Prisons	1994	Pascal Bonitzer	1946	"\N"
Gray's Anatomy	1996	Renée Shafransky	"\N"	"\N"
The Assignment	1997	Dan Gordon	"\N"	"\N"
The Land Before Time VI: The Secret of Saurus Rock	1998	Libby Hinson	"\N"	"\N"
Zombae	2022	Greg Zekowski	"\N"	"\N"
Vampires vs. the Bronx	2020	Oz Rodriguez	"\N"	"\N"
Easter Parade	1948	Sidney Sheldon	1917	2007
Rose Hill	1997	Earl W. Wallace	1942	2018
Disappearing Acts	2000	Lisa Jones	"\N"	"\N"
Four Brothers	2005	David Elliot	"\N"	"\N"
The Legend of Hei	2019	Kexin Peng	"\N"	"\N"
Head Over Heels	2010	Marcelo Saback	1971	"\N"
Easter Parade	1948	Frances Goodrich	1890	1984
Ring of Bright Water	1969	Gavin Maxwell	1914	1969
First Blood	1982	David Morrell	1943	"\N"
Couple in a Hole	2015	Tom Geens	"\N"	"\N"
Victoria the Great	1937	Charles de Grandcourt	1895	1976
War and Peace, Part III: The Year 1812	1967	Sergey Bondarchuk	1920	1994
I Drink Your Blood	1970	David E. Durston	1921	2010
The Tall Blond Man with One Black Shoe	1972	Yves Robert	1920	2002
The House in Nightmare Park	1973	Terry Nation	1930	1997
Courage fuyons	1979	Yves Robert	1920	2002
Delirium	1979	Richard Yalem	"\N"	"\N"
Heaven & Earth	1993	Oliver Stone	1946	"\N"
Marvelous and the Black Hole	2021	Kate Tsang	"\N"	"\N"
And Soon the Darkness	2010	Terry Nation	1930	1997
A Sunday in the Country	1984	Colo Tavernier	1942	2020
Mystic Pizza	1988	Amy Holden Jones	1953	"\N"
Beethoven	1992	Amy Holden Jones	1953	"\N"
Indochine	1992	Catherine Cohen	"\N"	"\N"
Breakaway	2011	Vinay Virmani	"\N"	"\N"
Zeroville	2019	Ian Olds	"\N"	"\N"
Kill Ben Lyk	2018	Erwan Marinopoulos	"\N"	"\N"
For Me and My Gal	1942	Fred F. Finklehoffe	1910	1977
War and Peace, Part III: The Year 1812	1967	Lev Tolstoy	1828	1910
The City of Lost Children	1995	Marc Caro	1956	"\N"
Black	2005	Bhavani Iyer	"\N"	"\N"
After Masks	2021	Tayo Amos	"\N"	"\N"
And Soon the Darkness	2010	Jennifer Derwingson	"\N"	"\N"
Cobain: Montage of Heck	2015	Brett Morgen	1968	"\N"
Antes de que nos olviden	2013	Lucas Santa Ana	1977	"\N"
A New Capitalism	2017	Jordana Berg	"\N"	"\N"
The 400 Blows	1959	François Truffaut	1932	1984
Red Beard	1965	Ryûzô Kikushima	1914	1989
Fahrenheit 451	1966	François Truffaut	1932	1984
The Green Room	1978	François Truffaut	1932	1984
The Stalker's Apprentice	1998	Gordon Hann	"\N"	"\N"
Tycoon's Interpreter	2006	Mikhail Brashinskiy	1965	"\N"
Pad Man	2018	R. Balki	1964	"\N"
Dancing Pirate	1936	Francis Edward Faragoh	1895	1966
Wu ye li ren	1986	Johnny Mak	1949	"\N"
Typhoon	1962	Lei Pan	1927	2017
For a Few Dollars More	1965	Sergio Leone	1929	1989
A Taste of Blood	1967	Donald Stanford	"\N"	"\N"
A Man Called Sledge	1970	Vic Morrow	1929	1982
The Lords of Flatbush	1974	Martin Davidson	1939	"\N"
Delirium	1979	Eddie Krell	"\N"	"\N"
Jaws: The Revenge	1987	Michael De Guzman	"\N"	"\N"
In from the Night	2006	Marsha Recknagle	"\N"	"\N"
Night Market Hero	2011	Bamboo Chu-Sheng Chen	1975	"\N"
A Kind of Magic	2015	Rachel Stuhler	"\N"	"\N"
DC Super Hero Girls: Intergalactic Games	2017	William Moulton Marston	1893	1947
When Vows Break	2019	Chris Lancey	"\N"	"\N"
Valley of the Zombies	1946	Sherman L. Lowe	1894	1968
Black Mama White Mama	1973	Jonathan Demme	1944	2017
Shipwrecked	1990	Nils Gaup	1955	"\N"
Crooklyn	1994	Joie Lee	1962	"\N"
Shrunken Heads	1994	Charles Band	1951	"\N"
Chill Factor	1999	Drew Gitlin	"\N"	"\N"
Just Desserts	2004	Joseph Tropiano	"\N"	"\N"
Day of the Siege	2012	Valerio Manfredi	1943	"\N"
The Michaels	2014	Cristina Colissimo	"\N"	"\N"
Garantu00eda personal	2016	Julio Rivas	"\N"	"\N"
Ocean's Eight	2018	Gary Ross	1956	"\N"
The Mad Whale	2017	Michael Alan Herman	1992	"\N"
15 Minutes of War	2019	Ileana Epsztajn	"\N"	"\N"
The Killer Is Loose	1956	Ward Hawkins	1912	1990
Cash on Demand	1961	Lewis Greifer	1915	2003
Star Trek IV: The Voyage Home	1986	Harve Bennett	1930	2015
Back to the Beach	1987	Bill Norton	1943	"\N"
Hard to Kill	1990	Steven McKay	"\N"	"\N"
Black Rose Ascension	1975	Tatsumi Kumashiro	1927	1995
The Nan Movie	2022	Brett Goldstein	"\N"	"\N"
Saaho	2019	Abbas Dalal	"\N"	"\N"
Intruder	1989	Scott Spiegel	1957	"\N"
The Land Before Time VI: The Secret of Saurus Rock	1998	Judy Freudberg	1949	2012
An American Affair	2008	Alex Metcalf	"\N"	"\N"
No Escapes	2020	Nikolay Kulikov	1979	"\N"
Super	2010	James Gunn	1966	"\N"
The Haunted House on Kirby Road	2016	Stuart Stone	1980	"\N"
Scarecrows	2017	Stuart Stone	1980	"\N"
Broadway Love	1918	W. Carey Wonderly	1885	1931
The Convent	2000	Chaton Anderson	"\N"	"\N"
Morning Show Mysteries Morning Show Mysteries: Death by Design	2019	Dick Lochte	"\N"	"\N"
The Legend of Goemon	2009	Tetsurô Takita	"\N"	"\N"
A View of Love	2010	Nicole Garcia	1946	"\N"
Prisoner X	2016	Gaurav Seth	"\N"	"\N"
The Phantom of the Opera	2004	Joel Schumacher	1939	2020
No Escapes	2020	Konstantin Mayer	1985	"\N"
Red Billabong	2016	Luke Sparke	"\N"	"\N"
Planet Single	2016	Jules Jones	"\N"	"\N"
Heartfall Arises	2016	Samson Sun	"\N"	"\N"
Flesh and the Devil	1926	Hermann Sudermann	1857	1928
Cat Run	2011	Nick Ball	"\N"	"\N"
Inch'Allah	2012	Anaïs Barbeau-Lavalette	"\N"	"\N"
A Very Murray Christmas	2015	Bill Murray	1950	"\N"
The Body Snatcher	1945	Philip MacDonald	1901	1980
The Masque of the Red Death	1989	Michael J. Murray	"\N"	"\N"
The Deep House	2021	Alexandre Bustillo	1975	"\N"
Sarah Cooper: Everything's Fine	2020	Sarah Cooper	"\N"	"\N"
Snow Prince	2009	Kundô Koyama	1964	"\N"
Eisenstein in Guanajuato	2015	Peter Greenaway	1942	"\N"
Nana	1926	Émile Zola	1840	1902
Bells Are Ringing	1960	Betty Comden	1917	2006
City by the Sea	2002	Ken Hixon	"\N"	"\N"
Get Well Soon	2001	Justin McCarthy	"\N"	"\N"
Fractured	2019	Alan B. McElroy	"\N"	"\N"
Mad Love	1935	P.J. Wolfson	1903	1979
The Philadelphia Story	1940	Philip Barry	1896	1949
Two Came Back	1997	Raymond Hartung	"\N"	"\N"
Female Prisoner #701: Scorpion	1972	Fumio Kônami	1934	2012
A New Capitalism	2017	Thiago Iacocca	"\N"	"\N"
Shooting Heroin	2020	Spencer Folmar	1989	"\N"
House II: The Second Story	1987	Ethan Wiley	"\N"	"\N"
Mystic Pizza	1988	Perry Howze	"\N"	"\N"
The Unnamable	1988	Jean-Paul Ouellette	"\N"	"\N"
Lurking Fear	1994	C. Courtney Joyner	"\N"	"\N"
Moneyboys	2021	C.B. Yi	"\N"	"\N"
Antes de que nos olviden	2013	Matías Gueilburt	"\N"	"\N"
Those Desperate Men Who Smell of Dirt and Death	1969	Ugo Guerra	1920	1982
Pumpkinhead 4: Blood Feud	2007	Michael Hurst	1973	"\N"
Ghost Stories	2020	Isha Luthra	"\N"	"\N"
The Wave	2008	Ron Jones	1940	"\N"
The Wave	2008	Dennis Gansel	1973	"\N"
Day of the Siege	2012	Renzo Martinelli	1948	"\N"
Under the Bed	2012	Eric Stolze	"\N"	"\N"
The Husband She Met Online	2013	Christine Conradt	"\N"	"\N"
Waiting for You	2017	Hugh Stoddart	1947	"\N"
Basketball County: In the Water	2020	Amani Martin	"\N"	"\N"
When Vows Break	2019	Christine Conradt	"\N"	"\N"
The Daytrippers	1996	Greg Mottola	1964	"\N"
When Love Is Lust	1973	Luigi Russo	1931	"\N"
Le jardin des supplices	1976	Pascal Lainé	"\N"	"\N"
R.I.P.D.	2013	David Dobkin	1969	"\N"
Victoria Day	2009	David Bezmozgis	"\N"	"\N"
The Dancing Dogs of Dombrova	2018	Michael Whatling	"\N"	"\N"
The Hunchback of Notre Dame	1939	Bruno Frank	1887	1945
Breakout	1975	Howard B. Kreitsek	1926	2010
The Private Eyes	1980	John Myhers	1921	1992
Charlie Chan and the Curse of the Dragon Queen	1981	David Axlerod	1938	2021
Redemption	2013	Steven Knight	1959	"\N"
Get My Gun	2017	Brian Darwas	"\N"	"\N"
Love by the 10th Date	2017	Nzingha Stewart	1974	"\N"
Acute Misfortune	2018	Erik Jensen	"\N"	"\N"
Eva	1948	Ingmar Bergman	1918	2007
Here Is Your Life	1966	Eyvind Johnson	1900	1976
All for the Winner	1990	Jeffrey Lau	"\N"	"\N"
The City of Lost Children	1995	Jean-Pierre Jeunet	1953	"\N"
Patti Cake$	2017	Geremy Jasper	1975	"\N"
Lovecut	2020	Iliana Estañol	"\N"	"\N"
Sexmission	1984	Pavel Hajný	1939	"\N"
ATM	2012	Ron Tippe	1950	2014
Entertainment	2015	Rick Alverson	1971	"\N"
My Brilliant Life	2014	Hyo-jin Oh	"\N"	"\N"
Flesh and Blood	2017	Mark Webber	1980	"\N"
Planet Single	2016	Sam Akina	"\N"	"\N"
The Phantom of the Opera	2004	Gaston Leroux	1868	1927
Bottle Shock	2008	Ross Schwartz	1949	"\N"
Snatchers	2019	Scott Yacyshyn	"\N"	"\N"
Boeing, Boeing	1965	Marc Camoletti	1923	2003
Swing Shift	1984	Nancy Dowd	1945	"\N"
Hot Wax Zombies on Wheels	1999	Elizabeth Bergholz	"\N"	"\N"
The Profession of Arms	2001	Ermanno Olmi	1931	2018
The Texas Chainsaw Massacre: The Beginning	2006	Sheldon Turner	"\N"	"\N"
In the Beginning	2009	Daniel Karlin	"\N"	"\N"
Frida Kahlo	2020	Phil Grabsky	"\N"	"\N"
A Christmas Love	2020	Jamie Grefe	"\N"	"\N"
Black Butterfly	2017	Justin Stanley	"\N"	"\N"
Demon Hole	2017	Josh Crook	"\N"	"\N"
Concerto: A Beethoven Journey	2015	Phil Grabsky	"\N"	"\N"
Purge of Kingdoms	2019	Damián Romay	1978	"\N"
The Sweetheart	2018	Daniel Weissenberger	"\N"	"\N"
Because of Winn-Dixie	2005	Joan Singleton	"\N"	"\N"
Heights	2005	Chris Terrio	1976	"\N"
Madelines	2022	Jason Richard Miller	1980	"\N"
The Oxbow Cure	2013	Lev Lewis	"\N"	"\N"
7 Letters	2015	Junfeng Boo	1983	"\N"
Saaho	2019	K.G.R Ashok	"\N"	"\N"
Look to the Sky	2017	Brett Culp	"\N"	"\N"
Glory at Sea	1952	Ben Roberts	1916	1984
Skullduggery	1970	Vercors	1902	1991
The Green Room	1978	Henry James	1843	1916
The Outsider	2019	Sean Ryan	"\N"	"\N"
The Boulet Brothers' Dragula: Resurrection	2020	The Boulet Brothers	"\N"	"\N"
Le mac	2010	François Uzan	"\N"	"\N"
Monsieur Hulot's Holiday	1953	Jacques Tati	1907	1982
Batman & Robin	1997	Bob Kane	1915	1998
Silence	2016	Martin Scorsese	1942	"\N"
Attention Attention	2021	Bill Yukich	"\N"	"\N"
Scooby-Doo! Mask of the Blue Falcon	2012	Michael Ryan	"\N"	"\N"
Beyond the Sky	2018	Rebecca Berrih	1980	"\N"
Lego DC Super Heroes: Justice League - Attack of the Legion of Doom!	2015	Bob Kane	1915	1998
The Bridge Part 2	2016	Karen Kingsbury	"\N"	"\N"
The Colony	2021	Tim Fehlbaum	1982	"\N"
Piranhas	2019	Roberto Saviano	1979	"\N"
Mystery, Alaska	1999	Sean O'Byrne	"\N"	"\N"
Frackman	2015	Simon Nasht	"\N"	"\N"
Red Devil	2019	Savvas D. Michael	"\N"	"\N"
Monster Family	2017	Kirstie Falkous	"\N"	"\N"
Stick	1985	Elmore Leonard	1925	2013
Homecoming: A Film by Beyoncu00e9	2019	Beyoncé	1981	"\N"
Breakaway	2011	Matt Simmons	"\N"	"\N"
Cam Girl	2014	Mirca Viola	1968	"\N"
All Between Us	2018	Ev Durán	"\N"	"\N"
The Talent	2013	Gia Doan	"\N"	"\N"
The Fighting Preacher	2019	T.C. Christensen	"\N"	"\N"
Back to the Beach	1987	Peter Krikes	"\N"	"\N"
Robin Hood	1991	John McGrath	1935	2002
Hachi: A Dog's Tale	2009	Stephen P. Lindsey	"\N"	"\N"
Cute Devil	2018	Shinji Imaoka	1965	"\N"
Along for the Ride	2022	Sarah Dessen	1970	"\N"
Day of the Siege	2012	Giuseppe Baiocchi	"\N"	"\N"
Disciples	2014	Joe Hollow	"\N"	"\N"
Backgammon	2015	R.B. Russell	"\N"	"\N"
Signed, Sealed, Delivered Signed Sealed Delivered	2013	Martha Williamson	"\N"	"\N"
The House of Tomorrow	2017	Peter Bognanni	"\N"	"\N"
La Bolduc	2018	Frédéric Ouellet	"\N"	"\N"
A New Capitalism	2017	Henry Grazinoli	"\N"	"\N"
Sumurun	1920	Richard Rieß	"\N"	"\N"
Easter Parade	1948	Albert Hackett	1900	1995
Vedo nudo	1969	Dino Risi	1916	2008
Hell	1979	Yôzô Tanaka	1939	"\N"
Wife to Be Sacrificed	1974	Yôzô Tanaka	1939	"\N"
City by the Sea	2002	Mike McAlary	1957	1998
Evoscarion: 2.0 You Can (Not) Advance	2009	Yôji Enokido	1963	"\N"
The Lone Ranger	2013	Justin Haythe	"\N"	"\N"
Cinderella: The Enchanted Beginning	2018	Brett Davidson	"\N"	"\N"
